SG_UF;NM_UE;DS_CARGO;SQ_CANDIDATO;NR_CANDIDATO;NM_URNA_CANDIDATO;DS_DETALHE_SITUACAO_CAND;NR_PARTIDO;SG_PARTIDO;DS_GENERO;DS_COR_RACA;ST_REELEICAO
MA;MARANHÃO;DEPUTADO ESTADUAL;100001675693;28790;HAMURABI;DEFERIDO;28;PRTB;MASCULINO;PRETA;N
MA;MARANHÃO;DEPUTADO FEDERAL;100001718927;1988;ZÉ ANTONIO;INDEFERIDO COM RECURSO;19;PODE;MASCULINO;PRETA;N
MA;MARANHÃO;DEPUTADO ESTADUAL;100001614801;19112;RAIMUNDO SEREJO;INDEFERIDO;19;PODE;MASCULINO;PRETA;N
MA;MARANHÃO;DEPUTADO FEDERAL;100001618103;2333;PROFESSOR ROBERTO BRANDÃO;DEFERIDO;23;CIDADANIA;MASCULINO;BRANCA;N
MA;MARANHÃO;DEPUTADO ESTADUAL;100001599559;90700;DORALICE;DEFERIDO;90;PROS;FEMININO;BRANCA;N
MA;MARANHÃO;DEPUTADO ESTADUAL;100001613733;43433;ALONSO DA AGRICULTURA;DEFERIDO;43;PV;MASCULINO;PARDA;N
MA;MARANHÃO;DEPUTADO FEDERAL;100001713833;1800;JANICELMA FERNANDES;DEFERIDO;18;REDE;FEMININO;PARDA;N
MA;MARANHÃO;DEPUTADO ESTADUAL;100001675673;28001;NENÉM DO POVÃO;DEFERIDO;28;PRTB;MASCULINO;PARDA;N
MA;MARANHÃO;DEPUTADO FEDERAL;100001608215;5151;MÁRCIO KIZOEIRA;DEFERIDO;51;PATRIOTA;MASCULINO;BRANCA;N
MA;MARANHÃO;DEPUTADO ESTADUAL;100001608136;51100;DIEGO TWO;DEFERIDO;51;PATRIOTA;MASCULINO;PARDA;N
MA;MARANHÃO;DEPUTADO FEDERAL;100001648827;1444;LUANA SANTOS;DEFERIDO;14;PTB;FEMININO;PRETA;N
MA;MARANHÃO;DEPUTADO ESTADUAL;100001675684;28800;FILHO COQUEIRO;DEFERIDO;28;PRTB;MASCULINO;PRETA;N
MA;MARANHÃO;DEPUTADO ESTADUAL;100001689538;36234;PROF CARLÃO AMÉRICO;DEFERIDO;36;AGIR;MASCULINO;PARDA;N
MA;MARANHÃO;DEPUTADO ESTADUAL;100001608098;11000;HEMETERIO WEBA;DEFERIDO;11;PP;MASCULINO;PARDA;N
MA;MARANHÃO;DEPUTADO ESTADUAL;100001607095;55007;JAMES ONDA;INDEFERIDO COM RECURSO;55;PSD;MASCULINO;PARDA;N
MA;MARANHÃO;DEPUTADO ESTADUAL;100001607116;55333;PEDRO NERES;DEFERIDO;55;PSD;MASCULINO;BRANCA;N
MA;MARANHÃO;DEPUTADO ESTADUAL;100001620087;20555;MARCIO GAIDO;DEFERIDO;20;PSC;MASCULINO;PARDA;N
MA;MARANHÃO;DEPUTADO FEDERAL;100001599595;9007;ALEYGNAN LEAL;DEFERIDO;90;PROS;FEMININO;PARDA;N
MA;MARANHÃO;DEPUTADO FEDERAL;100001615469;2002;TICIANE AMADINHA;DEFERIDO;20;PSC;FEMININO;BRANCA;N
MA;MARANHÃO;DEPUTADO ESTADUAL;100001620093;20333;RICARDO MURAD;INDEFERIDO COM RECURSO;20;PSC;MASCULINO;BRANCA;N
MA;MARANHÃO;DEPUTADO ESTADUAL;100001614810;19225;NONATO CUNHA;DEFERIDO;19;PODE;MASCULINO;PARDA;N
MA;MARANHÃO;DEPUTADO ESTADUAL;100001608124;51130;SHIRLEY JANE;DEFERIDO;51;PATRIOTA;FEMININO;PARDA;N
MA;MARANHÃO;DEPUTADO FEDERAL;100001610547;4446;ALEX KENNEDY;DEFERIDO;44;UNIÃO;MASCULINO;PARDA;N
MA;MARANHÃO;DEPUTADO FEDERAL;100001601145;1220;ANALIDES;DEFERIDO;12;PDT;FEMININO;PRETA;N
MA;MARANHÃO;DEPUTADO ESTADUAL;100001607488;44125;CLAUDIA MELO;DEFERIDO;44;UNIÃO;FEMININO;BRANCA;N
MA;MARANHÃO;DEPUTADO ESTADUAL;100001608089;11225;PROF FRANCISCO GOMES;INDEFERIDO COM RECURSO;11;PP;MASCULINO;PARDA;N
MA;MARANHÃO;DEPUTADO FEDERAL;100001723425;2822;NETYNHO DO CELULAR;DEFERIDO;28;PRTB;MASCULINO;PARDA;N
MA;MARANHÃO;DEPUTADO ESTADUAL;100001613742;65222;MARCELO POETA;DEFERIDO;65;PC do B;MASCULINO;BRANCA;N
MA;MARANHÃO;DEPUTADO FEDERAL;100001713822;5088;HELYCOPY;DEFERIDO;50;PSOL;MASCULINO;PARDA;N
MA;MARANHÃO;DEPUTADO ESTADUAL;100001689566;36236;MAURICIO DANTES;DEFERIDO;36;AGIR;MASCULINO;PARDA;N
MA;MARANHÃO;DEPUTADO ESTADUAL;100001675691;28100;FRANCISCA COLETIVO TODOSJUNTOS;DEFERIDO;28;PRTB;FEMININO;PRETA;N
MA;MARANHÃO;DEPUTADO ESTADUAL;100001603157;22133;DAVI ALVES SILVA JUNIOR;DEFERIDO;22;PL;MASCULINO;BRANCA;N
MA;MARANHÃO;DEPUTADO ESTADUAL;100001607124;55025;FERNANDA ROCHA;RENÚNCIA;55;PSD;FEMININO;BRANCA;N
MA;MARANHÃO;DEPUTADO FEDERAL;100001610561;4410;JUSCELINO FILHO;DEFERIDO;44;UNIÃO;MASCULINO;PARDA;S
MA;MARANHÃO;DEPUTADO FEDERAL;100001599074;1527;JUNIOR ARAÚJO;DEFERIDO;15;MDB;MASCULINO;PRETA;N
MA;MARANHÃO;DEPUTADO FEDERAL;100001733325;4343;YURI HENRIQUE;DEFERIDO;43;PV;MASCULINO;PARDA;N
MA;MARANHÃO;DEPUTADO FEDERAL;100001608079;1110;DR MAGNO BACELAR;RENÚNCIA;11;PP;MASCULINO;BRANCA;N
MA;MARANHÃO;DEPUTADO ESTADUAL;100001606620;15500;MARLEIDY BERNABÉ;DEFERIDO;15;MDB;FEMININO;PARDA;N
MA;MARANHÃO;DEPUTADO ESTADUAL;100001613726;13258;RAIMUNDO OLIVEIRA ;DEFERIDO;13;PT;MASCULINO;PARDA;N
MA;MARANHÃO;DEPUTADO ESTADUAL;100001713955;18018;ELANY ROSA TENTEHAR;DEFERIDO;18;REDE;FEMININO;INDÍGENA;N
MA;MARANHÃO;DEPUTADO ESTADUAL;100001689558;36333;LINDAURA LUCENA;DEFERIDO;36;AGIR;FEMININO;PARDA;N
MA;MARANHÃO;DEPUTADO ESTADUAL;100001599552;90123;URIARLE CAMPOS;DEFERIDO;90;PROS;MASCULINO;PARDA;N
MA;MARANHÃO;DEPUTADO FEDERAL;100001608073;1100;AMANDA GENTIL ;DEFERIDO;11;PP;FEMININO;PARDA;N
MA;MARANHÃO;DEPUTADO FEDERAL;100001603106;2242;LUIZA DO FRIAGRO;DEFERIDO;22;PL;FEMININO;BRANCA;N
MA;MARANHÃO;DEPUTADO FEDERAL;100001602269;5525;PASTOR MARCOS AURÉLIO;DEFERIDO;55;PSD;MASCULINO;BRANCA;N
MA;MARANHÃO;DEPUTADO ESTADUAL;100001613743;65555;MÁVIO ROCHA;DEFERIDO;65;PC do B;MASCULINO;PARDA;N
MA;MARANHÃO;DEPUTADO FEDERAL;100001723256;7031;IZAAC MATOS;INDEFERIDO COM RECURSO;70;AVANTE;MASCULINO;BRANCA;N
MA;MARANHÃO;DEPUTADO ESTADUAL;100001599538;90777;PROFESSOR BROTHER;DEFERIDO;90;PROS;MASCULINO;PRETA;N
MA;MARANHÃO;DEPUTADO ESTADUAL;100001732977;10010;MARISA ROSAS;DEFERIDO;10;REPUBLICANOS;FEMININO;PARDA;N
MA;MARANHÃO;DEPUTADO ESTADUAL;100001606616;15123;MARCIO COUTINHO;DEFERIDO;15;MDB;MASCULINO;BRANCA;N
MA;MARANHÃO;DEPUTADO FEDERAL;100001638990;2775;HOLDEN ARRUDA;INDEFERIDO;27;DC;MASCULINO;BRANCA;N
MA;MARANHÃO;DEPUTADO FEDERAL;100001599087;1555;JOÃO MARCELO;DEFERIDO;15;MDB;MASCULINO;BRANCA;S
MA;MARANHÃO;DEPUTADO FEDERAL;100001603101;2210;PROFESSOR EDVALDO SILVA;INDEFERIDO;22;PL;MASCULINO;PARDA;N
MA;MARANHÃO;SENADOR;100001713306;500;ANTONIA CARIONGO;DEFERIDO;50;PSOL;FEMININO;PRETA;N
MA;MARANHÃO;DEPUTADO ESTADUAL;100001619966;45359;ENFERMEIRO FLÁVIO;DEFERIDO;45;PSDB;MASCULINO;PARDA;N
MA;MARANHÃO;DEPUTADO FEDERAL;100001723257;7022;KERLYSON PABLO;DEFERIDO;70;AVANTE;MASCULINO;PARDA;N
MA;MARANHÃO;DEPUTADO ESTADUAL;100001608106;51478;AMARILDO FILHO;DEFERIDO;51;PATRIOTA;MASCULINO;BRANCA;N
MA;MARANHÃO;GOVERNADOR;100001604435;55;EDIVALDO;DEFERIDO;55;PSD;MASCULINO;BRANCA;N
MA;MARANHÃO;DEPUTADO ESTADUAL;100001614805;19999;VALERIA MACEDO;DEFERIDO;19;PODE;FEMININO;BRANCA;N
MA;MARANHÃO;DEPUTADO ESTADUAL;100001689724;35600;FLAESIO ALMEIDA;INDEFERIDO;35;PMB;MASCULINO;BRANCA;N
MA;MARANHÃO;DEPUTADO FEDERAL;100001689786;7700;LAVIER SANTOS;DEFERIDO;77;SOLIDARIEDADE;MASCULINO;PARDA;N
MA;MARANHÃO;DEPUTADO FEDERAL;100001602013;1044;JURAN CARVALHO;DEFERIDO;10;REPUBLICANOS;MASCULINO;PARDA;N
MA;MARANHÃO;DEPUTADO FEDERAL;100001603109;2255;PAULO MARINHO JR;DEFERIDO;22;PL;MASCULINO;PARDA;S
MA;MARANHÃO;DEPUTADO ESTADUAL;100001614795;19566;EDNA MONTEIRO;DEFERIDO;19;PODE;FEMININO;PRETA;N
MA;MARANHÃO;DEPUTADO ESTADUAL;100001675686;28215;MAYDRA LUPHIA;DEFERIDO;28;PRTB;FEMININO;BRANCA;N
MA;MARANHÃO;DEPUTADO ESTADUAL;100001603185;22422;CRISTAL BORGES;DEFERIDO;22;PL;FEMININO;PARDA;N
MA;MARANHÃO;DEPUTADO ESTADUAL;100001620084;20133;JOSILDO DO PICOLE;DEFERIDO;20;PSC;MASCULINO;PARDA;N
MA;MARANHÃO;GOVERNADOR;100001667487;40;CARLOS BRANDÃO;DEFERIDO;40;PSB;MASCULINO;BRANCA;S
MA;MARANHÃO;DEPUTADO FEDERAL;100001713830;1812;PROFESSORA ESMERALDA;DEFERIDO;18;REDE;FEMININO;PARDA;N
MA;MARANHÃO;DEPUTADO ESTADUAL;100001713954;50444;EDINALDO CABEÇA;DEFERIDO;50;PSOL;MASCULINO;PRETA;N
MA;MARANHÃO;DEPUTADO FEDERAL;100001610552;4400;DR BENJAMIM;DEFERIDO;44;UNIÃO;MASCULINO;PARDA;N
MA;MARANHÃO;DEPUTADO FEDERAL;100001599083;1535;ROSA DO BOI;DEFERIDO;15;MDB;FEMININO;PRETA;N
MA;MARANHÃO;DEPUTADO FEDERAL;100001618098;2310;GEDIEL ALENCAR;DEFERIDO;23;CIDADANIA;MASCULINO;PARDA;N
MA;MARANHÃO;DEPUTADO ESTADUAL;100001608127;51789;PROFESSORA CONCEIÇÃO AGUIAR;DEFERIDO;51;PATRIOTA;FEMININO;PARDA;N
MA;MARANHÃO;DEPUTADO FEDERAL;100001608071;1123;REINALDO;DEFERIDO;11;PP;MASCULINO;PARDA;N
MA;MARANHÃO;DEPUTADO ESTADUAL;100001614797;19200;NED LEÃO;DEFERIDO;19;PODE;MASCULINO;BRANCA;N
MA;MARANHÃO;DEPUTADO FEDERAL;100001618097;2324;GUILHERME OLIVEIRA;DEFERIDO;23;CIDADANIA;MASCULINO;PARDA;N
MA;MARANHÃO;DEPUTADO FEDERAL;100001607055;4077;DR. MAX;DEFERIDO;40;PSB;MASCULINO;PARDA;N
MA;MARANHÃO;DEPUTADO ESTADUAL;100001608091;11888;CATULÉ JUNIOR;DEFERIDO;11;PP;MASCULINO;PARDA;N
MA;MARANHÃO;DEPUTADO ESTADUAL;100001648822;14567;CLAUDIMIRO;DEFERIDO;14;PTB;MASCULINO;PARDA;N
MA;MARANHÃO;DEPUTADO ESTADUAL;100001725383;50225;AROUCHE;DEFERIDO;50;PSOL;MASCULINO;PRETA;N
MA;MARANHÃO;DEPUTADO ESTADUAL;100001737555;27222;SIMONE ALENCAR;INDEFERIDO COM RECURSO;27;DC;FEMININO;BRANCA;N
MA;MARANHÃO;DEPUTADO ESTADUAL;100001607086;40123;ANDREIA MARTINS REZENDE;DEFERIDO;40;PSB;FEMININO;PARDA;S
MA;MARANHÃO;DEPUTADO ESTADUAL;100001599557;90800;SARGENTO CESAR;DEFERIDO;90;PROS;MASCULINO;PARDA;N
MA;MARANHÃO;DEPUTADO ESTADUAL;100001603169;22222;VINICIUS LOURO;DEFERIDO;22;PL;MASCULINO;BRANCA;S
MA;MARANHÃO;DEPUTADO ESTADUAL;100001603162;22445;GLAUDIANO CARDOSO;DEFERIDO;22;PL;MASCULINO;PARDA;N
MA;MARANHÃO;DEPUTADO ESTADUAL;100001619974;45008;NAZARÉ LEITÃO;INDEFERIDO;45;PSDB;FEMININO;BRANCA;N
MA;MARANHÃO;DEPUTADO ESTADUAL;100001608096;11555;PAULO CAPOTE;DEFERIDO;11;PP;MASCULINO;PARDA;N
MA;MARANHÃO;DEPUTADO FEDERAL;100001607058;4050;SALDANHA DE ROSÁRIO;DEFERIDO;40;PSB;MASCULINO;BRANCA;N
MA;MARANHÃO;DEPUTADO ESTADUAL;100001607079;40111;MARCO AURÉLIO;DEFERIDO;40;PSB;MASCULINO;PARDA;S
MA;MARANHÃO;DEPUTADO ESTADUAL;100001620099;20345;CIARA COLETIVO TODOS MARANHÃO;DEFERIDO;20;PSC;FEMININO;PRETA;N
MA;MARANHÃO;DEPUTADO ESTADUAL;100001723192;27373;SILVIA LIMA;DEFERIDO;27;DC;FEMININO;BRANCA;N
MA;MARANHÃO;DEPUTADO FEDERAL;100001610545;4413;EMILCE CAMPOS;DEFERIDO;44;UNIÃO;FEMININO;BRANCA;N
MA;MARANHÃO;DEPUTADO FEDERAL;100001602011;1011;JONAS MAGNO;DEFERIDO;10;REPUBLICANOS;MASCULINO;PARDA;N
MA;MARANHÃO;DEPUTADO FEDERAL;100001602009;1020;DRA LUANA;DEFERIDO;10;REPUBLICANOS;FEMININO;PARDA;N
MA;MARANHÃO;DEPUTADO ESTADUAL;100001613737;13400;CHICO COLETIVO GUARNICÊ;DEFERIDO;13;PT;MASCULINO;PARDA;N
MA;MARANHÃO;DEPUTADO FEDERAL;100001610544;4422;BRUNA BASTOS;DEFERIDO;44;UNIÃO;FEMININO;PARDA;N
MA;MARANHÃO;DEPUTADO FEDERAL;100001615472;2045;ALÊ DO POVO;DEFERIDO;20;PSC;FEMININO;BRANCA;N
MA;MARANHÃO;DEPUTADO ESTADUAL;100001607071;40133;RIBA SOUSA;INDEFERIDO COM RECURSO;40;PSB;MASCULINO;PRETA;N
MA;MARANHÃO;DEPUTADO FEDERAL;100001713826;5005;ZENAIDE DO COLETIVO BEM VIVER;DEFERIDO;50;PSOL;FEMININO;PRETA;N
MA;MARANHÃO;DEPUTADO ESTADUAL;100001602656;10110;WAGNER SILVA ;DEFERIDO;10;REPUBLICANOS;MASCULINO;BRANCA;N
MA;MARANHÃO;DEPUTADO ESTADUAL;100001608128;51051;MARCELO BRINGEL;DEFERIDO;51;PATRIOTA;MASCULINO;BRANCA;N
MA;MARANHÃO;DEPUTADO ESTADUAL;100001689733;35258;GEORGE DA SILVA;DEFERIDO;35;PMB;MASCULINO;PARDA;N
MA;MARANHÃO;DEPUTADO FEDERAL;100001713835;1813;ALEX DO SUCÃO;DEFERIDO;18;REDE;MASCULINO;PARDA;N
MA;MARANHÃO;DEPUTADO ESTADUAL;100001666493;29029;THIAGO MARTINS ;DEFERIDO;29;PCO;MASCULINO;BRANCA;N
MA;MARANHÃO;DEPUTADO ESTADUAL;100001599584;12121;PROFESSOR CAVALCANTE;DEFERIDO;12;PDT;MASCULINO;BRANCA;N
MA;MARANHÃO;DEPUTADO FEDERAL;100001608214;5115;SARGENTO JHOY;DEFERIDO;51;PATRIOTA;MASCULINO;PRETA;N
MA;MARANHÃO;2º SUPLENTE;100001613452;277;CELSO RAPOSO;DEFERIDO;27;DC;MASCULINO;BRANCA;N
MA;MARANHÃO;DEPUTADO ESTADUAL;100001599577;12555;DEDÉ LOCUTOR;INDEFERIDO;12;PDT;MASCULINO;PARDA;N
MA;MARANHÃO;DEPUTADO ESTADUAL;100001613751;65111;PROFESSORA CÁSSIA;DEFERIDO;65;PC do B;FEMININO;PARDA;N
MA;MARANHÃO;DEPUTADO ESTADUAL;100001603152;22200;ABIGAIL;DEFERIDO;22;PL;FEMININO;PARDA;N
MA;MARANHÃO;DEPUTADO ESTADUAL;100001599563;90077;PR. MAURÃO;DEFERIDO;90;PROS;MASCULINO;PARDA;N
MA;MARANHÃO;DEPUTADO FEDERAL;100001618106;2344;ANTONIO AMERICO;DEFERIDO;23;CIDADANIA;MASCULINO;BRANCA;N
MA;MARANHÃO;DEPUTADO ESTADUAL;100001620097;20100;VALTER CANTANHEDE;DEFERIDO;20;PSC;MASCULINO;PARDA;N
MA;MARANHÃO;DEPUTADO FEDERAL;100001723423;2811;DR BEBETO;DEFERIDO;28;PRTB;MASCULINO;BRANCA;N
MA;MARANHÃO;DEPUTADO ESTADUAL;100001689721;35033;DE JESUS AGUIAR;DEFERIDO;35;PMB;FEMININO;PARDA;N
MA;MARANHÃO;DEPUTADO ESTADUAL;100001689728;35000;DALVA CAMARÃO;DEFERIDO;35;PMB;FEMININO;PRETA;N
MA;MARANHÃO;DEPUTADO FEDERAL;100001723255;7000;MISSIONÁRIA ROSANGELA;DEFERIDO;70;AVANTE;FEMININO;PRETA;N
MA;MARANHÃO;DEPUTADO ESTADUAL;100001689569;36888;PAULO CESAR GRANDE;RENÚNCIA;36;AGIR;MASCULINO;PARDA;N
MA;MARANHÃO;DEPUTADO ESTADUAL;100001608131;51444;JUSCELINO MARRECA;DEFERIDO;51;PATRIOTA;MASCULINO;BRANCA;N
MA;MARANHÃO;DEPUTADO ESTADUAL;100001619954;23400;PROFESSOR DOGIVAL;DEFERIDO;23;CIDADANIA;MASCULINO;BRANCA;N
MA;MARANHÃO;DEPUTADO FEDERAL;100001726504;2707;ANDRE MAQUINARIO;INDEFERIDO;27;DC;MASCULINO;PRETA;N
MA;MARANHÃO;DEPUTADO ESTADUAL;100001675680;28123;LENILTON OLIVEIRA;DEFERIDO;28;PRTB;MASCULINO;PARDA;N
MA;MARANHÃO;DEPUTADO ESTADUAL;100001606608;15777;DIEGO CRUZ;DEFERIDO;15;MDB;MASCULINO;PARDA;N
MA;MARANHÃO;DEPUTADO FEDERAL;100001613719;4333;CRISTIANE BACELAR;DEFERIDO;43;PV;FEMININO;PRETA;N
MA;MARANHÃO;DEPUTADO FEDERAL;100001599085;1510;VICTOR MENDES;DEFERIDO;15;MDB;MASCULINO;BRANCA;N
MA;MARANHÃO;DEPUTADO FEDERAL;100001632860;3610;SARGENTO INALDO PEREIRA;DEFERIDO;36;AGIR;MASCULINO;PRETA;N
MA;MARANHÃO;DEPUTADO ESTADUAL;100001614817;19333;CARRINHO MUNIZ;INDEFERIDO COM RECURSO;19;PODE;MASCULINO;PARDA;N
MA;MARANHÃO;DEPUTADO FEDERAL;100001599081;1502;MICHELE SANTOS;DEFERIDO;15;MDB;FEMININO;PRETA;N
MA;MARANHÃO;DEPUTADO ESTADUAL;100001607094;55550;PROF. JACQUES ARANHA;DEFERIDO;55;PSD;MASCULINO;BRANCA;N
MA;MARANHÃO;DEPUTADO ESTADUAL;100001608117;51234;DOUTOR CARLOS;DEFERIDO;51;PATRIOTA;MASCULINO;BRANCA;N
MA;MARANHÃO;DEPUTADO ESTADUAL;100001689720;35234;PAULO SOCIAL;INDEFERIDO;35;PMB;MASCULINO;PARDA;N
MA;MARANHÃO;DEPUTADO ESTADUAL;100001689545;36022;DINO RIBEIRO;DEFERIDO;36;AGIR;MASCULINO;PARDA;N
MA;MARANHÃO;DEPUTADO ESTADUAL;100001607067;40122;JOANEYDE DO SINDICATO;DEFERIDO;40;PSB;FEMININO;PARDA;N
MA;MARANHÃO;DEPUTADO FEDERAL;100001613717;1313;ZÉ CARLOS;DEFERIDO;13;PT;MASCULINO;BRANCA;S
MA;MARANHÃO;DEPUTADO ESTADUAL;100001606614;15122;PASTOR LAZARO;DEFERIDO;15;MDB;MASCULINO;PRETA;N
MA;MARANHÃO;DEPUTADO FEDERAL;100001689789;7789;VANESSA LIMA;DEFERIDO;77;SOLIDARIEDADE;FEMININO;PARDA;N
MA;MARANHÃO;DEPUTADO FEDERAL;100001608070;1140;RODRIGO BRASMAR;DEFERIDO;11;PP;MASCULINO;PARDA;N
MA;MARANHÃO;DEPUTADO ESTADUAL;100001606609;15234;EDMILSON VAZ;DEFERIDO;15;MDB;MASCULINO;PARDA;N
MA;MARANHÃO;DEPUTADO ESTADUAL;100001607063;40333;ANTÔNIO PEREIRA;DEFERIDO;40;PSB;MASCULINO;BRANCA;S
MA;MARANHÃO;DEPUTADO ESTADUAL;100001713940;50100;SHARLLAM;DEFERIDO;50;PSOL;MASCULINO;PARDA;N
MA;MARANHÃO;DEPUTADO ESTADUAL;100001607074;40212;RAFAEL LEITOA;DEFERIDO;40;PSB;MASCULINO;BRANCA;S
MA;MARANHÃO;DEPUTADO ESTADUAL;100001619963;45500;ELI CARLA;DEFERIDO;45;PSDB;FEMININO;PRETA;N
MA;MARANHÃO;DEPUTADO ESTADUAL;100001619967;23221;CHICO NOEL;DEFERIDO;23;CIDADANIA;MASCULINO;PARDA;N
MA;MARANHÃO;DEPUTADO FEDERAL;100001632853;3622;IRMÃO JÚLIO HUMILDE;DEFERIDO;36;AGIR;MASCULINO;PARDA;N
MA;MARANHÃO;DEPUTADO FEDERAL;100001613704;1340;RUBENS PEREIRA JR;DEFERIDO;13;PT;MASCULINO;BRANCA;S
MA;MARANHÃO;DEPUTADO FEDERAL;100001638994;2777;ZITA PONTES;DEFERIDO;27;DC;FEMININO;BRANCA;N
MA;MARANHÃO;DEPUTADO ESTADUAL;100001675671;28222;VALMIR GOMES;DEFERIDO;28;PRTB;MASCULINO;NÃO INFORMADO;N
MA;MARANHÃO;DEPUTADO ESTADUAL;100001607125;55700;CHAGUINHA MACEDO;DEFERIDO;55;PSD;MASCULINO;BRANCA;N
MA;MARANHÃO;DEPUTADO FEDERAL;100001607050;4088;ROSANA LIMA;DEFERIDO;40;PSB;FEMININO;PARDA;N
MA;MARANHÃO;DEPUTADO ESTADUAL;100001607117;55040;RAIMUNDO SOARES;DEFERIDO;55;PSD;MASCULINO;BRANCA;N
MA;MARANHÃO;DEPUTADO ESTADUAL;100001723195;27222;NILSON ALENCAR;INDEFERIDO;27;DC;MASCULINO;PARDA;N
MA;MARANHÃO;DEPUTADO ESTADUAL;100001669456;19922;MÉRCIA BORGES;DEFERIDO;19;PODE;FEMININO;PARDA;N
MA;MARANHÃO;DEPUTADO FEDERAL;100001607040;2100;CAETANO COSTA;DEFERIDO;21;PCB;MASCULINO;PARDA;N
MA;MARANHÃO;DEPUTADO ESTADUAL;100001675692;28028;SUZI SILVA;DEFERIDO;28;PRTB;FEMININO;PARDA;N
MA;MARANHÃO;DEPUTADO FEDERAL;100001608081;1178;FLAVIA LOPES;DEFERIDO;11;PP;FEMININO;PARDA;N
MA;MARANHÃO;DEPUTADO ESTADUAL;100001599572;12789;JOSIAS RABELO;INDEFERIDO COM RECURSO;12;PDT;MASCULINO;PARDA;N
MA;MARANHÃO;DEPUTADO ESTADUAL;100001607076;40321;DR. YGLÉSIO;DEFERIDO;40;PSB;MASCULINO;BRANCA;S
MA;MARANHÃO;DEPUTADO ESTADUAL;100001689573;36842;NETO SOUSA;DEFERIDO;36;AGIR;MASCULINO;PARDA;N
MA;MARANHÃO;DEPUTADO FEDERAL;100001608069;1136;HUGO DOS CONCURSOS;DEFERIDO;11;PP;MASCULINO;PARDA;N
MA;MARANHÃO;DEPUTADO FEDERAL;100001608200;5111;RIBEIRO NETO;DEFERIDO;51;PATRIOTA;MASCULINO;PARDA;N
MA;MARANHÃO;SENADOR;100001607043;400;FLÁVIO DINO;DEFERIDO;40;PSB;MASCULINO;PARDA;N
MA;MARANHÃO;1º SUPLENTE;100001713307;500;PROFESSOR ANTONIO ALVES;DEFERIDO;50;PSOL;MASCULINO;PARDA;N
MA;MARANHÃO;DEPUTADO ESTADUAL;100001608123;51111;SAMARA MENDES;DEFERIDO;51;PATRIOTA;FEMININO;PARDA;N
MA;MARANHÃO;DEPUTADO ESTADUAL;100001689563;36377;PROFESSORA SIRLANY LIANDRO;DEFERIDO;36;AGIR;FEMININO;PARDA;N
MA;MARANHÃO;DEPUTADO ESTADUAL;100001608100;11226;PROF LUIS CARLOS;DEFERIDO;11;PP;MASCULINO;PARDA;N
MA;MARANHÃO;DEPUTADO ESTADUAL;100001732265;23600;MARIA ALICE;DEFERIDO;23;CIDADANIA;FEMININO;PARDA;N
MA;MARANHÃO;DEPUTADO FEDERAL;100001611951;1022;WILSON SAMPAIO;DEFERIDO;10;REPUBLICANOS;MASCULINO;BRANCA;N
MA;MARANHÃO;DEPUTADO ESTADUAL;100001607081;40004;ARTENISA DO SINDICATO;DEFERIDO;40;PSB;FEMININO;BRANCA;N
MA;MARANHÃO;DEPUTADO FEDERAL;100001610548;4484;BARBOSA LAGES;DEFERIDO;44;UNIÃO;MASCULINO;BRANCA;N
MA;MARANHÃO;DEPUTADO ESTADUAL;100001725393;18000;RAIMUNDO RIBEIRO;DEFERIDO;18;REDE;MASCULINO;PRETA;N
MA;MARANHÃO;DEPUTADO ESTADUAL;100001608118;51333;JOÃO BATISTA SEGUNDO;DEFERIDO;51;PATRIOTA;MASCULINO;BRANCA;N
MA;MARANHÃO;DEPUTADO ESTADUAL;100001608130;51123;DR LOURIVAL LIMA;DEFERIDO;51;PATRIOTA;MASCULINO;PARDA;N
MA;MARANHÃO;DEPUTADO ESTADUAL;100001613744;65651;PROFA. VANDA ROCHA;DEFERIDO;65;PC do B;FEMININO;BRANCA;N
MA;MARANHÃO;DEPUTADO FEDERAL;100001601131;1289;FERNANDO FEITOSA;DEFERIDO;12;PDT;MASCULINO;BRANCA;N
MA;MARANHÃO;DEPUTADO ESTADUAL;100001603173;22223;PASTOR BATTISTA SOAREZ;DEFERIDO;22;PL;MASCULINO;PARDA;N
MA;MARANHÃO;DEPUTADO ESTADUAL;100001641228;55055;CAPITÃ MARCELA MOUZINHO;DEFERIDO;55;PSD;FEMININO;PARDA;N
MA;MARANHÃO;DEPUTADO FEDERAL;100001614964;1999;ARILSA;DEFERIDO;19;PODE;FEMININO;BRANCA;N
MA;MARANHÃO;DEPUTADO ESTADUAL;100001599567;90345;SARGENTO MENDES ;DEFERIDO;90;PROS;MASCULINO;PARDA;N
MA;MARANHÃO;DEPUTADO ESTADUAL;100001606607;15678;CAROL COSTA;DEFERIDO;15;MDB;FEMININO;BRANCA;N
MA;MARANHÃO;DEPUTADO FEDERAL;100001618111;2390;GUILHERME RODRIGUES;DEFERIDO;23;CIDADANIA;MASCULINO;PARDA;N
MA;MARANHÃO;DEPUTADO FEDERAL;100001632864;3623;ANGELA MELO;DEFERIDO;36;AGIR;FEMININO;PARDA;N
MA;MARANHÃO;DEPUTADO ESTADUAL;100001689556;36006;KESIA RAQUEL;INDEFERIDO;36;AGIR;FEMININO;PARDA;N
MA;MARANHÃO;DEPUTADO ESTADUAL;100001619951;45645;DONA BEBEL;DEFERIDO;45;PSDB;FEMININO;PRETA;N
MA;MARANHÃO;DEPUTADO ESTADUAL;100001620092;20777;MARIO DO TURISMO;DEFERIDO;20;PSC;MASCULINO;PARDA;N
MA;MARANHÃO;DEPUTADO ESTADUAL;100001675677;28444;JOSÉ PEREIRA;DEFERIDO;28;PRTB;MASCULINO;BRANCA;N
MA;MARANHÃO;DEPUTADO ESTADUAL;100001600022;16222;ANTONIO DINHO;INDEFERIDO;16;PSTU;MASCULINO;PARDA;N
MA;MARANHÃO;DEPUTADO FEDERAL;100001666494;2929;DIMAS CASSIMIRO DO NASCIMENTO;DEFERIDO;29;PCO;MASCULINO;PARDA;N
MA;MARANHÃO;DEPUTADO ESTADUAL;100001606605;15555;KEKE TEIXEIRA;DEFERIDO;15;MDB;MASCULINO;PARDA;N
MA;MARANHÃO;DEPUTADO ESTADUAL;100001619956;45110;ERINALVA GUAJAJARA;INDEFERIDO;45;PSDB;FEMININO;INDÍGENA;N
MA;MARANHÃO;DEPUTADO FEDERAL;100001614971;1922;PR. ZAQUEU BARROS;DEFERIDO;19;PODE;MASCULINO;PARDA;N
MA;MARANHÃO;DEPUTADO ESTADUAL;100001689540;36066;CONCITA;DEFERIDO;36;AGIR;FEMININO;PARDA;N
MA;MARANHÃO;DEPUTADO ESTADUAL;100001606610;15151;EDNALDO NEVES;DEFERIDO;15;MDB;MASCULINO;PARDA;N
MA;MARANHÃO;DEPUTADO ESTADUAL;100001599586;12777;ABRANTES;DEFERIDO;12;PDT;MASCULINO;PARDA;N
MA;MARANHÃO;DEPUTADO FEDERAL;100001599604;9033;EDILSON DOS COLCHÕES;INDEFERIDO COM RECURSO;90;PROS;MASCULINO;PARDA;N
MA;MARANHÃO;DEPUTADO ESTADUAL;100001603156;22369;CLEIDIANE BRASIL;DEFERIDO;22;PL;FEMININO;PARDA;N
MA;MARANHÃO;DEPUTADO ESTADUAL;100001689577;36111;ANTÕNIO JUNIOR;INDEFERIDO COM RECURSO;36;AGIR;MASCULINO;PARDA;N
MA;MARANHÃO;DEPUTADO ESTADUAL;100001675669;28233;HANNYS MONTEIRO;DEFERIDO;28;PRTB;MASCULINO;BRANCA;N
MA;MARANHÃO;DEPUTADO ESTADUAL;100001689544;36555;AMADO EDILSON;DEFERIDO;36;AGIR;MASCULINO;PARDA;N
MA;MARANHÃO;DEPUTADO ESTADUAL;100001600024;16777;PROFESSOR WALTER MAIA;INDEFERIDO COM RECURSO;16;PSTU;MASCULINO;PARDA;N
MA;MARANHÃO;DEPUTADO FEDERAL;100001602014;1001;CORONEL JURANDY ;DEFERIDO;10;REPUBLICANOS;MASCULINO;PARDA;N
MA;MARANHÃO;DEPUTADO FEDERAL;100001602016;1051;ZÉ PEQUENO ;DEFERIDO;10;REPUBLICANOS;MASCULINO;PARDA;N
MA;MARANHÃO;DEPUTADO ESTADUAL;100001620094;20300;SOLANGE BEZERRA;DEFERIDO;20;PSC;FEMININO;BRANCA;N
MA;MARANHÃO;DEPUTADO FEDERAL;100001608084;1145;ROBERTO MAUES;DEFERIDO;11;PP;MASCULINO;PARDA;N
MA;MARANHÃO;DEPUTADO ESTADUAL;100001608113;51515;FIRMINO MARQUES;DEFERIDO;51;PATRIOTA;MASCULINO;PARDA;N
MA;MARANHÃO;DEPUTADO ESTADUAL;100001608095;11013;GLEICIANNE NOGUEIRA;DEFERIDO;11;PP;FEMININO;PARDA;N
MA;MARANHÃO;DEPUTADO ESTADUAL;100001608111;51033;ZANINHA MARTINS;DEFERIDO;51;PATRIOTA;FEMININO;PARDA;N
MA;MARANHÃO;DEPUTADO ESTADUAL;100001675667;28228;TELMINHA DO BOMBOM;DEFERIDO;28;PRTB;FEMININO;PARDA;N
MA;MARANHÃO;DEPUTADO ESTADUAL;100001689547;36226;FELIX DA REVELAÇÃO;DEFERIDO;36;AGIR;MASCULINO;PARDA;N
MA;MARANHÃO;DEPUTADO FEDERAL;100001632856;3674;SAMIA UCHOA;DEFERIDO;36;AGIR;FEMININO;BRANCA;N
MA;MARANHÃO;DEPUTADO FEDERAL;100001599077;1578;FRANCISCO PESSOA;DEFERIDO;15;MDB;MASCULINO;BRANCA;N
MA;MARANHÃO;DEPUTADO ESTADUAL;100001619970;45123;MATHEUS MOTA;DEFERIDO;45;PSDB;MASCULINO;BRANCA;N
MA;MARANHÃO;DEPUTADO ESTADUAL;100001675683;28345;LAURINHA COLETIVO MULHERTEMVOZ;DEFERIDO;28;PRTB;FEMININO;PARDA;N
MA;MARANHÃO;DEPUTADO ESTADUAL;100001689579;36077;PASTOR ANTONIO FILHO;RENÚNCIA;36;AGIR;MASCULINO;BRANCA;N
MA;MARANHÃO;DEPUTADO ESTADUAL;100001599571;12344;LEONARDO COE;INDEFERIDO COM RECURSO;12;PDT;MASCULINO;BRANCA;N
MA;MARANHÃO;DEPUTADO FEDERAL;100001599607;9077;VASTY MENESES;DEFERIDO;90;PROS;FEMININO;PARDA;N
MA;MARANHÃO;DEPUTADO ESTADUAL;100001599560;90900;JOSY MATOS;DEFERIDO;90;PROS;FEMININO;BRANCA;N
MA;MARANHÃO;DEPUTADO ESTADUAL;100001689570;36000;PR PEDRO CANDIDO;DEFERIDO;36;AGIR;MASCULINO;PARDA;N
MA;MARANHÃO;DEPUTADO FEDERAL;100001713829;5077;ERIVALDO LIMA;RENÚNCIA;50;PSOL;MASCULINO;PARDA;N
MA;MARANHÃO;DEPUTADO ESTADUAL;100001608109;51222;EDNA SILVA;DEFERIDO;51;PATRIOTA;FEMININO;PARDA;N
MA;MARANHÃO;DEPUTADO ESTADUAL;100001675679;28456;SGT DA HORA ;DEFERIDO;28;PRTB;MASCULINO;PARDA;N
MA;MARANHÃO;DEPUTADO ESTADUAL;100001603155;22225;CHICO COELHO;DEFERIDO;22;PL;MASCULINO;BRANCA;N
MA;MARANHÃO;DEPUTADO ESTADUAL;100001619964;45145;CIDA SOL PROTETORA;DEFERIDO;45;PSDB;FEMININO;PARDA;N
MA;MARANHÃO;DEPUTADO ESTADUAL;100001607486;44678;NETO EVANGELISTA;DEFERIDO;44;UNIÃO;MASCULINO;PARDA;S
MA;MARANHÃO;DEPUTADO FEDERAL;100001614978;1994;BOMBEIRO R.BARROS COLETIVO;DEFERIDO;19;PODE;MASCULINO;PRETA;N
MA;MARANHÃO;DEPUTADO FEDERAL;100001723429;2828;ENOCH ALVES;DEFERIDO;28;PRTB;MASCULINO;PARDA;N
MA;MARANHÃO;DEPUTADO ESTADUAL;100001599565;90115;PRISCILA SUANY ;DEFERIDO;90;PROS;FEMININO;BRANCA;N
MA;MARANHÃO;1º SUPLENTE;100001639639;145;ILDEMAR GONÇALVES;DEFERIDO;22;PL;MASCULINO;PARDA;N
MA;MARANHÃO;DEPUTADO FEDERAL;100001639000;2723;IVANA;INDEFERIDO;27;DC;FEMININO;PRETA;N
MA;MARANHÃO;DEPUTADO FEDERAL;100001632868;3677;SIDNEY DA SIDBENS;DEFERIDO;36;AGIR;MASCULINO;PARDA;N
MA;MARANHÃO;DEPUTADO ESTADUAL;100001607105;55121;BAIKO ILUMINADO;DEFERIDO;55;PSD;MASCULINO;PRETA;N
MA;MARANHÃO;DEPUTADO FEDERAL;100001607049;4089;PROFESSORA IRIS;DEFERIDO;40;PSB;FEMININO;PARDA;N
MA;MARANHÃO;DEPUTADO FEDERAL;100001603100;2211;THIAGO PALHARES;DEFERIDO;22;PL;MASCULINO;BRANCA;N
MA;MARANHÃO;DEPUTADO FEDERAL;100001632867;3602;SAVIO RODRIGUES;DEFERIDO;36;AGIR;MASCULINO;BRANCA;N
MA;MARANHÃO;DEPUTADO FEDERAL;100001602275;5511;JOSIVALDO JP;DEFERIDO;55;PSD;MASCULINO;PRETA;S
MA;MARANHÃO;VICE-GOVERNADOR;100001615757;27;RICARDO MEDEIROS;DEFERIDO;27;DC;MASCULINO;BRANCA;N
MA;MARANHÃO;DEPUTADO FEDERAL;100001599608;9012;PROFESSOR UDINALDO RABELO;RENÚNCIA;90;PROS;MASCULINO;PARDA;N
MA;MARANHÃO;DEPUTADO ESTADUAL;100001620098;20468;VITORIA ALMEIDA;DEFERIDO;20;PSC;FEMININO;BRANCA;N
MA;MARANHÃO;DEPUTADO FEDERAL;100001632861;3607;LUIS ROCHA;INDEFERIDO;36;AGIR;MASCULINO;PARDA;N
MA;MARANHÃO;DEPUTADO FEDERAL;100001601130;1255;JEFFERSON PORTELA;DEFERIDO;12;PDT;MASCULINO;PARDA;N
MA;MARANHÃO;DEPUTADO FEDERAL;100001600018;1622;SILMARA;DEFERIDO;16;PSTU;FEMININO;PARDA;N
MA;MARANHÃO;DEPUTADO ESTADUAL;100001603154;22220;BEATRIZ VIEIRA;DEFERIDO;22;PL;FEMININO;PARDA;N
MA;MARANHÃO;DEPUTADO ESTADUAL;100001723203;27007;ALENCAR;DEFERIDO;27;DC;MASCULINO;BRANCA;N
MA;MARANHÃO;DEPUTADO ESTADUAL;100001614807;19678;RAIMUNDO CUTRIM;DEFERIDO;19;PODE;MASCULINO;BRANCA;N
MA;MARANHÃO;DEPUTADO ESTADUAL;100001606619;15656;DRA NEIDE CARVALHO;DEFERIDO;15;MDB;FEMININO;BRANCA;N
MA;MARANHÃO;DEPUTADO ESTADUAL;100001599588;12999;FLAVIO BGN;DEFERIDO;12;PDT;MASCULINO;PARDA;N
MA;MARANHÃO;DEPUTADO ESTADUAL;100001619961;23007;LIMA;DEFERIDO;23;CIDADANIA;MASCULINO;PRETA;N
MA;MARANHÃO;DEPUTADO ESTADUAL;100001620083;20190;CORONEL PEREIRA;DEFERIDO;20;PSC;MASCULINO;PRETA;N
MA;MARANHÃO;DEPUTADO ESTADUAL;100001723186;27444;RODRIGO;DEFERIDO;27;DC;MASCULINO;BRANCA;N
MA;MARANHÃO;DEPUTADO ESTADUAL;100001613752;65777;JÚLIO MENDONÇA;DEFERIDO;65;PC do B;MASCULINO;BRANCA;N
MA;MARANHÃO;DEPUTADO ESTADUAL;100001614809;19369;MARTA SURAMA;INDEFERIDO COM RECURSO;19;PODE;FEMININO;BRANCA;N
MA;MARANHÃO;DEPUTADO ESTADUAL;100001607120;55666;ABRAÃO NEVES;DEFERIDO;55;PSD;MASCULINO;BRANCA;N
MA;MARANHÃO;DEPUTADO FEDERAL;100001599609;9010;ELAINE CORTEZ;DEFERIDO;90;PROS;FEMININO;PARDA;N
MA;MARANHÃO;DEPUTADO ESTADUAL;100001620090;20017;FATIMA ROCHA;DEFERIDO;20;PSC;FEMININO;PARDA;N
MA;MARANHÃO;DEPUTADO ESTADUAL;100001603181;22002;EGÍDIO;DEFERIDO;22;PL;MASCULINO;PARDA;N
MA;MARANHÃO;DEPUTADO FEDERAL;100001713820;5066;ALUIZIO MELO;DEFERIDO;50;PSOL;MASCULINO;PARDA;N
MA;MARANHÃO;DEPUTADO ESTADUAL;100001723210;27221;WAL GOMES;DEFERIDO;27;DC;FEMININO;PARDA;N
MA;MARANHÃO;DEPUTADO FEDERAL;100001601136;1233;ROSI VICENTINI;DEFERIDO;12;PDT;FEMININO;PARDA;N
MA;MARANHÃO;DEPUTADO ESTADUAL;100001606628;15665;PIMENTA COLETIVO ACE E ACS;DEFERIDO;15;MDB;FEMININO;PRETA;N
MA;MARANHÃO;DEPUTADO FEDERAL;100001603098;2201;CORONEL MONTEIRO;DEFERIDO;22;PL;MASCULINO;BRANCA;N
MA;MARANHÃO;DEPUTADO ESTADUAL;100001620082;20380;JARSON ROCK;DEFERIDO;20;PSC;MASCULINO;BRANCA;N
MA;MARANHÃO;DEPUTADO FEDERAL;100001602277;5535;DR MARIO BRAGA;DEFERIDO;55;PSD;MASCULINO;PARDA;N
MA;MARANHÃO;DEPUTADO FEDERAL;100001632865;3654;DR JONAS TAVARES;INDEFERIDO COM RECURSO;36;AGIR;MASCULINO;BRANCA;N
MA;MARANHÃO;DEPUTADO FEDERAL;100001615461;2023;DR EDI VIEGA TERAP;DEFERIDO;20;PSC;MASCULINO;PARDA;N
MA;MARANHÃO;DEPUTADO ESTADUAL;100001613730;43123;ADRIANO SARNEY;DEFERIDO;43;PV;MASCULINO;BRANCA;S
MA;MARANHÃO;DEPUTADO FEDERAL;100001723424;2827;MARILENE CUTRIM;DEFERIDO;28;PRTB;FEMININO;PRETA;N
MA;MARANHÃO;DEPUTADO FEDERAL;100001723410;3526;DANIELE CAMBRAIA;DEFERIDO;35;PMB;FEMININO;PARDA;N
MA;MARANHÃO;DEPUTADO ESTADUAL;100001608114;51999;FLAMARION FACUNDES;DEFERIDO;51;PATRIOTA;MASCULINO;PRETA;N
MA;MARANHÃO;DEPUTADO FEDERAL;100001615471;2022;MARIANA CARVALHO;DEFERIDO;20;PSC;FEMININO;PARDA;N
MA;MARANHÃO;DEPUTADO ESTADUAL;100001599542;90046;CELIDA DE JESUS ;DEFERIDO;90;PROS;FEMININO;PARDA;N
MA;MARANHÃO;DEPUTADO FEDERAL;100001615468;2011;JACONIAS MORAES;DEFERIDO;20;PSC;MASCULINO;PARDA;N
MA;MARANHÃO;DEPUTADO ESTADUAL;100001607123;55780;ISRAEL CARVALHO;DEFERIDO;55;PSD;MASCULINO;BRANCA;N
MA;MARANHÃO;DEPUTADO ESTADUAL;100001607068;40555;DEUSIMAR NASCIMENTO;DEFERIDO;40;PSB;MASCULINO;BRANCA;N
MA;MARANHÃO;VICE-GOVERNADOR;100001600009;16;JAYRO MESQUITA;DEFERIDO;16;PSTU;MASCULINO;PRETA;N
MA;MARANHÃO;DEPUTADO FEDERAL;100001601142;1222;CASSIO;DEFERIDO;12;PDT;MASCULINO;PARDA;N
MA;MARANHÃO;DEPUTADO FEDERAL;100001723421;2888;CAPITÃO NILO;DEFERIDO;28;PRTB;MASCULINO;PARDA;N
MA;MARANHÃO;DEPUTADO ESTADUAL;100001606604;15999;NILDE DA JOANA;INDEFERIDO COM RECURSO;15;MDB;FEMININO;BRANCA;N
MA;MARANHÃO;DEPUTADO ESTADUAL;100001608132;51567;JOSÉ DA PENHA;DEFERIDO;51;PATRIOTA;MASCULINO;BRANCA;N
MA;MARANHÃO;DEPUTADO ESTADUAL;100001599574;12000;CHICO MIGUEL;DEFERIDO;12;PDT;MASCULINO;PARDA;N
MA;MARANHÃO;DEPUTADO ESTADUAL;100001599541;90888;RONALD DIORGENS;DEFERIDO;90;PROS;MASCULINO;BRANCA;N
MA;MARANHÃO;DEPUTADO ESTADUAL;100001603183;22238;VIEIRINHA;DEFERIDO;22;PL;MASCULINO;PARDA;N
MA;MARANHÃO;DEPUTADO FEDERAL;100001610555;4445;MAGRADO;INDEFERIDO COM RECURSO;44;UNIÃO;MASCULINO;PRETA;N
MA;MARANHÃO;DEPUTADO ESTADUAL;100001607113;55456;MICAL DAMASCENO;DEFERIDO;55;PSD;FEMININO;PARDA;S
MA;MARANHÃO;DEPUTADO ESTADUAL;100001620075;20020;PASTOR DANIEL VIEIRA;DEFERIDO;20;PSC;MASCULINO;PARDA;N
MA;MARANHÃO;DEPUTADO FEDERAL;100001723416;3530;DILSON COLETIVO BABAÇU;DEFERIDO;35;PMB;MASCULINO;BRANCA;N
MA;MARANHÃO;DEPUTADO ESTADUAL;100001689541;36637;DENES DA PURURUCA;DEFERIDO;36;AGIR;MASCULINO;PARDA;N
MA;MARANHÃO;DEPUTADO ESTADUAL;100001607111;55111;LÉA LOPES;DEFERIDO;55;PSD;FEMININO;PARDA;N
MA;MARANHÃO;DEPUTADO ESTADUAL;100001724765;12600;LUCIANO LEITOA;DEFERIDO;12;PDT;MASCULINO;PRETA;N
MA;MARANHÃO;DEPUTADO ESTADUAL;100001603178;22500;FERNANDO CRENTE;DEFERIDO;22;PL;MASCULINO;PARDA;N
MA;MARANHÃO;DEPUTADO ESTADUAL;100001614799;19234;SGT CÉSAR O AMIGÃO;DEFERIDO;19;PODE;MASCULINO;PARDA;N
MA;MARANHÃO;DEPUTADO ESTADUAL;100001603161;22022;FILIPE ARNON;DEFERIDO;22;PL;MASCULINO;BRANCA;N
MA;MARANHÃO;DEPUTADO ESTADUAL;100001603175;22789;RENATO BARROS;DEFERIDO;22;PL;MASCULINO;BRANCA;N
MA;MARANHÃO;DEPUTADO ESTADUAL;100001603188;22221;MISSIONÁRIO AMORIM;DEFERIDO;22;PL;MASCULINO;PRETA;N
MA;MARANHÃO;DEPUTADO ESTADUAL;100001607106;55125;VANGICO EVANGELISTA;DEFERIDO;55;PSD;MASCULINO;PARDA;N
MA;MARANHÃO;DEPUTADO FEDERAL;100001610554;4477;KELLYANE CALVET;DEFERIDO;44;UNIÃO;FEMININO;BRANCA;N
MA;MARANHÃO;DEPUTADO ESTADUAL;100001620089;20580;GRAÇA SANTOS;DEFERIDO;20;PSC;FEMININO;PRETA;N
MA;MARANHÃO;DEPUTADO ESTADUAL;100001675689;28070;MARTILENE ALMEIDA;DEFERIDO;28;PRTB;FEMININO;PARDA;N
MA;MARANHÃO;DEPUTADO ESTADUAL;100001619977;23123;PASTOR PORTO;DEFERIDO;23;CIDADANIA;MASCULINO;PARDA;N
MA;MARANHÃO;VICE-GOVERNADOR;100001599611;12;HELIO SOARES;DEFERIDO;22;PL;MASCULINO;BRANCA;N
MA;MARANHÃO;DEPUTADO ESTADUAL;100001619959;45184;SILVIA CARVALHO;DEFERIDO;45;PSDB;FEMININO;BRANCA;N
MA;MARANHÃO;DEPUTADO ESTADUAL;100001689578;36856;ADELINO DE DEUS;DEFERIDO;36;AGIR;MASCULINO;PARDA;N
MA;MARANHÃO;DEPUTADO ESTADUAL;100001689719;35114;JESUS VIEIRA;DEFERIDO;35;PMB;MASCULINO;PARDA;N
MA;MARANHÃO;DEPUTADO FEDERAL;100001608067;1155;CHICÃO DA PARABÓLICA;DEFERIDO;11;PP;MASCULINO;PARDA;N
MA;MARANHÃO;DEPUTADO FEDERAL;100001599080;1512;KELLY DA ENFERMAGEM;DEFERIDO COM RECURSO;15;MDB;FEMININO;PARDA;N
MA;MARANHÃO;DEPUTADO ESTADUAL;100001603168;22556;PEDRO BARROS;DEFERIDO;22;PL;MASCULINO;BRANCA;N
MA;MARANHÃO;DEPUTADO FEDERAL;100001713824;5055;SAMARTONY MARTINS;DEFERIDO;50;PSOL;MASCULINO;PARDA;N
MA;MARANHÃO;DEPUTADO ESTADUAL;100001620101;20018;LENE DO SALÃO;DEFERIDO;20;PSC;FEMININO;PRETA;N
MA;MARANHÃO;DEPUTADO FEDERAL;100001603114;2222;JOSIMAR MARANHÃOZINHO;DEFERIDO;22;PL;MASCULINO;PARDA;S
MA;MARANHÃO;DEPUTADO FEDERAL;100001599076;1500;LOBÃO FILHO;DEFERIDO;15;MDB;MASCULINO;BRANCA;N
MA;MARANHÃO;DEPUTADO ESTADUAL;100001689560;36122;NETO PONTES;DEFERIDO;36;AGIR;MASCULINO;BRANCA;N
MA;MARANHÃO;DEPUTADO ESTADUAL;100001614800;19123;JOTA PINTO;DEFERIDO;19;PODE;MASCULINO;PARDA;S
MA;MARANHÃO;DEPUTADO FEDERAL;100001648829;1477;MARDONE DIFERENTE;DEFERIDO;14;PTB;MASCULINO;BRANCA;N
MA;MARANHÃO;DEPUTADO ESTADUAL;100001613727;13613;PAULO ROMÃO;DEFERIDO;13;PT;MASCULINO;PRETA;N
MA;MARANHÃO;DEPUTADO FEDERAL;100001610036;3012;ANTONIO FLAVIO NOVO;DEFERIDO;30;NOVO;MASCULINO;PARDA;N
MA;MARANHÃO;DEPUTADO FEDERAL;100001638998;2717;ANA QUILOMBOLA;DEFERIDO;27;DC;FEMININO;PRETA;N
MA;MARANHÃO;DEPUTADO ESTADUAL;100001599587;12037;MAH ARAUJO;DEFERIDO;12;PDT;FEMININO;PRETA;N
MA;MARANHÃO;DEPUTADO FEDERAL;100001613705;6541;PEDRO BELO;DEFERIDO;65;PC do B;MASCULINO;BRANCA;N
MA;MARANHÃO;DEPUTADO ESTADUAL;100001619975;23456;IRMÃO DUQUINHA;DEFERIDO;23;CIDADANIA;MASCULINO;BRANCA;N
MA;MARANHÃO;DEPUTADO FEDERAL;100001615474;2038;JUNIOR MARTINS;DEFERIDO;20;PSC;MASCULINO;PARDA;N
MA;MARANHÃO;DEPUTADO FEDERAL;100001599079;1522;JURANDIR MARANHÃO;DEFERIDO;15;MDB;MASCULINO;PRETA;N
MA;MARANHÃO;DEPUTADO FEDERAL;100001614976;1900;EXPEDITO JÚNIOR;DEFERIDO;19;PODE;MASCULINO;BRANCA;N
MA;MARANHÃO;DEPUTADO FEDERAL;100001607056;4080;FERNANDO FURTADO;RENÚNCIA;40;PSB;MASCULINO;BRANCA;N
MA;MARANHÃO;DEPUTADO ESTADUAL;100001725389;50133;PAULO DO COLETIVO LULAMARIELLE;INDEFERIDO COM RECURSO;50;PSOL;MASCULINO;PARDA;N
MA;MARANHÃO;DEPUTADO ESTADUAL;100001675672;28678;SARGENTO WALTERVIR;DEFERIDO;28;PRTB;MASCULINO;PARDA;N
MA;MARANHÃO;DEPUTADO ESTADUAL;100001689546;36523;ELIZABETE AFONSO;DEFERIDO;36;AGIR;FEMININO;BRANCA;N
MA;MARANHÃO;DEPUTADO ESTADUAL;100001599569;90333;SERGIO VIEIRA ;DEFERIDO;90;PROS;MASCULINO;PARDA;N
MA;MARANHÃO;DEPUTADO FEDERAL;100001729507;2882;CONCEIÇÃO ALBUQUERQUE;INDEFERIDO COM RECURSO;28;PRTB;FEMININO;PARDA;N
MA;MARANHÃO;DEPUTADO ESTADUAL;100001723187;27666;ALEX DO VASSOURAL;DEFERIDO;27;DC;MASCULINO;PRETA;N
MA;MARANHÃO;DEPUTADO ESTADUAL;100001607089;40147;SHEYLON RAMOS;DEFERIDO;40;PSB;MASCULINO;PARDA;N
MA;MARANHÃO;DEPUTADO FEDERAL;100001602265;5588;FELIPE SILVA;DEFERIDO;55;PSD;MASCULINO;PRETA;N
MA;MARANHÃO;DEPUTADO ESTADUAL;100001599581;12111;DR. THAIZA;DEFERIDO;12;PDT;FEMININO;PARDA;S
MA;MARANHÃO;1º SUPLENTE;100001613451;277;ANA LUCIA;DEFERIDO;27;DC;FEMININO;PRETA;N
MA;MARANHÃO;DEPUTADO ESTADUAL;100001713939;50000;PROF ODIVIO NETTO;DEFERIDO;50;PSOL;MASCULINO;PARDA;N
MA;MARANHÃO;DEPUTADO FEDERAL;100001615470;2033;IRMA ROSE;DEFERIDO;20;PSC;FEMININO;PARDA;N
MA;MARANHÃO;DEPUTADO FEDERAL;100001603097;2266;UMBELINO JUNIOR;DEFERIDO;22;PL;MASCULINO;BRANCA;N
MA;MARANHÃO;DEPUTADO ESTADUAL;100001613724;13128;AURELIO GOMES;DEFERIDO;13;PT;MASCULINO;PRETA;N
MA;MARANHÃO;DEPUTADO FEDERAL;100001615477;2007;WANDERSON GOMES;DEFERIDO;20;PSC;MASCULINO;PARDA;N
MA;MARANHÃO;DEPUTADO FEDERAL;100001608217;5188;WOLMER ARAUJO;DEFERIDO;51;PATRIOTA;MASCULINO;PARDA;N
MA;MARANHÃO;DEPUTADO ESTADUAL;100001607481;44567;LIZI CASTRO;INDEFERIDO;44;UNIÃO;FEMININO;BRANCA;N
MA;MARANHÃO;DEPUTADO FEDERAL;100001614967;1944;PROF SÁ MARQUES;DEFERIDO;19;PODE;MASCULINO;PARDA;N
MA;MARANHÃO;DEPUTADO FEDERAL;100001601141;1200;WALDIR MARANHÃO;DEFERIDO;12;PDT;MASCULINO;PARDA;N
MA;MARANHÃO;DEPUTADO FEDERAL;100001599084;1504;TIA DE ESPERANTINÓPOLIS;DEFERIDO;15;MDB;FEMININO;BRANCA;N
MA;MARANHÃO;DEPUTADO FEDERAL;100001618112;2399;GENESIO;DEFERIDO;23;CIDADANIA;MASCULINO;PRETA;N
MA;MARANHÃO;DEPUTADO ESTADUAL;100001619971;45678;ADENÓLIA;DEFERIDO;45;PSDB;FEMININO;PARDA;N
MA;MARANHÃO;DEPUTADO ESTADUAL;100001606613;15156;SCHNNEYDER;DEFERIDO;15;MDB;MASCULINO;PARDA;N
MA;MARANHÃO;DEPUTADO ESTADUAL;100001675676;28999;ARMANDO BRANCO;DEFERIDO;28;PRTB;MASCULINO;PARDA;N
MA;MARANHÃO;DEPUTADO ESTADUAL;100001608103;11135;DR. HELENA DUAILIBE;DEFERIDO;11;PP;FEMININO;BRANCA;S
MA;MARANHÃO;DEPUTADO FEDERAL;100001599601;9040;PAULO SILVA;DEFERIDO;90;PROS;MASCULINO;PARDA;N
MA;MARANHÃO;DEPUTADO ESTADUAL;100001613749;13333;CRICIELLE;DEFERIDO;13;PT;FEMININO;PRETA;N
MA;MARANHÃO;DEPUTADO ESTADUAL;100001675681;28284;DEMOSTENES SENA BROWN;INDEFERIDO COM RECURSO;28;PRTB;MASCULINO;PARDA;N
MA;MARANHÃO;DEPUTADO ESTADUAL;100001689557;36369;DR SARGENTO LAÉCIO;DEFERIDO;36;AGIR;MASCULINO;PARDA;N
MA;MARANHÃO;DEPUTADO ESTADUAL;100001603165;22188;MELISSA CLAUDINO;DEFERIDO;22;PL;FEMININO;PARDA;N
MA;MARANHÃO;DEPUTADO ESTADUAL;100001689559;36360;LUCILENE RODRIGUES;INDEFERIDO;36;AGIR;FEMININO;PARDA;N
MA;MARANHÃO;DEPUTADO ESTADUAL;100001599539;90147;RAIMUNDO GUAJAJARA;DEFERIDO;90;PROS;MASCULINO;INDÍGENA;N
MA;MARANHÃO;DEPUTADO ESTADUAL;100001599549;90951;PAULO SERGIO;RENÚNCIA;90;PROS;MASCULINO;BRANCA;N
MA;MARANHÃO;DEPUTADO FEDERAL;100001599605;9023;PR. KALEL AMADOR ;DEFERIDO;90;PROS;MASCULINO;PRETA;N
MA;MARANHÃO;DEPUTADO ESTADUAL;100001613748;13123;ZÉ INACIO;DEFERIDO;13;PT;MASCULINO;PRETA;S
MA;MARANHÃO;DEPUTADO ESTADUAL;100001619972;23023;EDUARDO;DEFERIDO;23;CIDADANIA;MASCULINO;BRANCA;N
MA;MARANHÃO;DEPUTADO FEDERAL;100001602266;5566;TINO;RENÚNCIA;55;PSD;MASCULINO;PARDA;N
MA;MARANHÃO;DEPUTADO ESTADUAL;100001607060;40444;IRACEMA VALE;DEFERIDO COM RECURSO;40;PSB;FEMININO;BRANCA;N
MA;MARANHÃO;GOVERNADOR;100001609046;20;LAHESIO BONFIM;DEFERIDO;20;PSC;MASCULINO;PARDA;N
MA;MARANHÃO;DEPUTADO ESTADUAL;100001613735;43301;DENISE CARVALHO;DEFERIDO;43;PV;FEMININO;PARDA;N
MA;MARANHÃO;DEPUTADO ESTADUAL;100001613753;13456;JOWBERTH ALVES ;DEFERIDO;13;PT;MASCULINO;BRANCA;N
MA;MARANHÃO;DEPUTADO ESTADUAL;100001723209;27445;KIM;DEFERIDO;27;DC;MASCULINO;PARDA;N
MA;MARANHÃO;DEPUTADO ESTADUAL;100001619953;23555;IRMÃO NANDO;DEFERIDO;23;CIDADANIA;MASCULINO;PARDA;N
MA;MARANHÃO;DEPUTADO FEDERAL;100001723414;3555;REGINALDO DE BERTO;DEFERIDO;35;PMB;MASCULINO;PRETA;N
MA;MARANHÃO;DEPUTADO FEDERAL;100001614972;1933;COLETIVO DR. GONÇALO;DEFERIDO;19;PODE;MASCULINO;BRANCA;N
MA;MARANHÃO;DEPUTADO ESTADUAL;100001675690;28300;PROF. LEONARDO;INDEFERIDO COM RECURSO;28;PRTB;MASCULINO;PARDA;N
MA;MARANHÃO;DEPUTADO ESTADUAL;100001689726;35222;LUIZ COLETIVO QUILOMBOLA;DEFERIDO;35;PMB;MASCULINO;PRETA;N
MA;MARANHÃO;DEPUTADO FEDERAL;100001614970;1920;VALDIMEIRE DA LUZ;DEFERIDO;19;PODE;FEMININO;BRANCA;N
MA;MARANHÃO;DEPUTADO ESTADUAL;100001613729;43000;WENDELL LAGES;DEFERIDO;43;PV;MASCULINO;PARDA;S
MA;MARANHÃO;DEPUTADO FEDERAL;100001632866;3633;SANDRA ABREU;DEFERIDO;36;AGIR;FEMININO;BRANCA;N
MA;MARANHÃO;DEPUTADO ESTADUAL;100001723206;27234;IRMÃO PAVÃO;DEFERIDO;27;DC;MASCULINO;PRETA;N
MA;MARANHÃO;DEPUTADO FEDERAL;100001615462;2000;FLAVIA BERTHIER;DEFERIDO;20;PSC;FEMININO;BRANCA;N
MA;MARANHÃO;DEPUTADO ESTADUAL;100001608101;11789;ROGERIO CAFETEIRA;DEFERIDO;11;PP;MASCULINO;PARDA;N
MA;MARANHÃO;DEPUTADO ESTADUAL;100001619962;45333;JANE DO PAÇO;DEFERIDO;45;PSDB;FEMININO;PRETA;N
MA;MARANHÃO;DEPUTADO ESTADUAL;100001606626;15456;SININGER VIDAL DE MADUREIRA;DEFERIDO;15;MDB;MASCULINO;PARDA;N
MA;MARANHÃO;DEPUTADO FEDERAL;100001608201;5122;MARRECA FILHO;DEFERIDO;51;PATRIOTA;MASCULINO;BRANCA;S
MA;MARANHÃO;DEPUTADO FEDERAL;100001615466;2077;ARNOLDO DO FRANGO;DEFERIDO;20;PSC;MASCULINO;PARDA;N
MA;MARANHÃO;DEPUTADO ESTADUAL;100001675678;28111;JOHNNY BATISTA;DEFERIDO;28;PRTB;MASCULINO;PARDA;N
MA;MARANHÃO;DEPUTADO ESTADUAL;100001608090;11222;ARNALDO MELO;DEFERIDO;11;PP;MASCULINO;BRANCA;S
MA;MARANHÃO;DEPUTADO FEDERAL;100001723418;3510;MARTINS TÉTEU;INDEFERIDO;35;PMB;MASCULINO;PRETA;N
MA;MARANHÃO;DEPUTADO FEDERAL;100001689784;7776;MAYARA REGO;DEFERIDO;77;SOLIDARIEDADE;FEMININO;BRANCA;N
MA;MARANHÃO;DEPUTADO ESTADUAL;100001603186;22224;DYANE DE MORAIS;DEFERIDO;22;PL;FEMININO;PARDA;N
MA;MARANHÃO;DEPUTADO FEDERAL;100001723413;3507;FLÁVIO LÚCIO;INDEFERIDO COM RECURSO;35;PMB;MASCULINO;BRANCA;N
MA;MARANHÃO;DEPUTADO ESTADUAL;100001607122;55000;FERNANDA GUERREIRO;DEFERIDO;55;PSD;FEMININO;BRANCA;N
MA;MARANHÃO;DEPUTADO FEDERAL;100001608212;5147;DR CARLOS;DEFERIDO;51;PATRIOTA;MASCULINO;PRETA;N
MA;MARANHÃO;DEPUTADO ESTADUAL;100001620073;20159;CLAUDIA LIRA;DEFERIDO;20;PSC;FEMININO;BRANCA;N
MA;MARANHÃO;DEPUTADO ESTADUAL;100001725394;50111;ALMIR DO MERCADO;DEFERIDO;50;PSOL;MASCULINO;BRANCA;N
MA;MARANHÃO;DEPUTADO ESTADUAL;100001723194;27723;DINA SILVA;DEFERIDO;27;DC;FEMININO;PARDA;N
MA;MARANHÃO;DEPUTADO ESTADUAL;100001613745;65065;OTHELINO NETO;DEFERIDO;65;PC do B;MASCULINO;BRANCA;S
MA;MARANHÃO;DEPUTADO ESTADUAL;100001613725;13777;REGINA LINS DA MUNDIAL;DEFERIDO;13;PT;FEMININO;BRANCA;N
MA;MARANHÃO;DEPUTADO FEDERAL;100001618099;2313;ADAO-COLETIVO REGGAE CIDADANIA;DEFERIDO;23;CIDADANIA;MASCULINO;PRETA;N
MA;MARANHÃO;DEPUTADO FEDERAL;100001608078;1112;ANTONILDES MOTA ;DEFERIDO;11;PP;FEMININO;PARDA;N
MA;MARANHÃO;DEPUTADO ESTADUAL;100001607104;55321;MAURÍCIO GOLTZMAN;DEFERIDO;55;PSD;MASCULINO;BRANCA;N
MA;MARANHÃO;DEPUTADO ESTADUAL;100001608102;11456;DR LEONARDO SÁ;DEFERIDO;11;PP;MASCULINO;BRANCA;S
MA;MARANHÃO;DEPUTADO ESTADUAL;100001648825;14200;NETO BOTELHO;DEFERIDO;14;PTB;MASCULINO;PARDA;N
MA;MARANHÃO;DEPUTADO ESTADUAL;100001602650;10000;KARLA BATISTA;DEFERIDO;10;REPUBLICANOS;FEMININO;PARDA;N
MA;MARANHÃO;DEPUTADO FEDERAL;100001648828;1422;ANA CLERES;DEFERIDO;14;PTB;FEMININO;PARDA;N
MA;MARANHÃO;DEPUTADO FEDERAL;100001601135;1234;FABIO CAMARA;DEFERIDO;12;PDT;MASCULINO;PRETA;N
MA;MARANHÃO;DEPUTADO ESTADUAL;100001599564;90090;BARBOSA;RENÚNCIA;90;PROS;MASCULINO;PRETA;N
MA;MARANHÃO;DEPUTADO FEDERAL;100001618100;2377;DRA. GRAÇA;DEFERIDO;23;CIDADANIA;FEMININO;PARDA;N
MA;MARANHÃO;DEPUTADO ESTADUAL;100001608115;51112;NIDDY ALMEIDA;DEFERIDO;51;PATRIOTA;FEMININO;PRETA;N
MA;MARANHÃO;DEPUTADO ESTADUAL;100001689564;36789;MARLENE MASCARENHAS;INDEFERIDO COM RECURSO;36;AGIR;FEMININO;PARDA;N
MA;MARANHÃO;DEPUTADO ESTADUAL;100001713945;18222;PROFESSOR MARCOS FREITAS;DEFERIDO;18;REDE;MASCULINO;PARDA;N
MA;MARANHÃO;DEPUTADO FEDERAL;100001601143;1212;MÁRCIO HONAISER;DEFERIDO;12;PDT;MASCULINO;BRANCA;N
MA;MARANHÃO;DEPUTADO ESTADUAL;100001675675;28133;FLOFLO;DEFERIDO;28;PRTB;MASCULINO;PARDA;N
MA;MARANHÃO;DEPUTADO ESTADUAL;100001599554;90121;BARBOSINHA;DEFERIDO;90;PROS;MASCULINO;PARDA;N
MA;MARANHÃO;DEPUTADO ESTADUAL;100001599585;12021;DILMA NASCIMENTO;RENÚNCIA;12;PDT;FEMININO;BRANCA;N
MA;MARANHÃO;DEPUTADO FEDERAL;100001689783;7723;ANA MARIA DO SÁ VIANA;DEFERIDO;77;SOLIDARIEDADE;FEMININO;PRETA;N
MA;MARANHÃO;DEPUTADO FEDERAL;100001638997;2700;PASTOR MARINHO;DEFERIDO;27;DC;MASCULINO;PARDA;N
MA;MARANHÃO;DEPUTADO FEDERAL;100001610039;3003;ANDERSON ROCHA;DEFERIDO;30;NOVO;MASCULINO;BRANCA;N
MA;MARANHÃO;DEPUTADO ESTADUAL;100001675674;28412;IRMÃO BALBINO;DEFERIDO;28;PRTB;MASCULINO;PRETA;N
MA;MARANHÃO;DEPUTADO ESTADUAL;100001602647;10101;SILVANA CELULARES;DEFERIDO;10;REPUBLICANOS;FEMININO;PARDA;N
MA;MARANHÃO;DEPUTADO ESTADUAL;100001689552;36741;JHENYFER SANTANA;DEFERIDO;36;AGIR;FEMININO;PARDA;N
MA;MARANHÃO;DEPUTADO FEDERAL;100001608068;1177;DR. FERNANDO FRANÇA;DEFERIDO;11;PP;MASCULINO;PARDA;N
MA;MARANHÃO;DEPUTADO ESTADUAL;100001619955;23128;HERBET FLASH;DEFERIDO;23;CIDADANIA;MASCULINO;PARDA;N
MA;MARANHÃO;DEPUTADO ESTADUAL;100001648820;14123;EZIO ROGERIO;DEFERIDO;14;PTB;MASCULINO;PARDA;N
MA;MARANHÃO;DEPUTADO FEDERAL;100001608208;5138;CORONEL GALDI;DEFERIDO;51;PATRIOTA;MASCULINO;BRANCA;N
MA;MARANHÃO;DEPUTADO ESTADUAL;100001689549;36444;CORONEL LUNA;DEFERIDO;36;AGIR;MASCULINO;PARDA;N
MA;MARANHÃO;DEPUTADO ESTADUAL;100001599566;90456;SILMARA ALVES ;DEFERIDO;90;PROS;FEMININO;PARDA;N
MA;MARANHÃO;DEPUTADO ESTADUAL;100001599544;90369;VINOLIA SOARES ;DEFERIDO;90;PROS;FEMININO;PARDA;N
MA;MARANHÃO;DEPUTADO ESTADUAL;100001600019;16123;DANIEL PAVÃO;DEFERIDO;16;PSTU;MASCULINO;PARDA;N
MA;MARANHÃO;DEPUTADO ESTADUAL;100001603163;22559;MEG PACHECO;DEFERIDO;22;PL;FEMININO;PARDA;N
MA;MARANHÃO;DEPUTADO FEDERAL;100001610558;4411;VANESSA MURAD;DEFERIDO;44;UNIÃO;FEMININO;BRANCA;N
MA;MARANHÃO;DEPUTADO FEDERAL;100001610553;4456;DIOGO TITO;DEFERIDO;44;UNIÃO;MASCULINO;BRANCA;N
MA;MARANHÃO;DEPUTADO FEDERAL;100001608211;5120;BRUNNA MARCIEL;DEFERIDO;51;PATRIOTA;FEMININO;BRANCA;N
MA;MARANHÃO;DEPUTADO FEDERAL;100001615463;2013;BAIANO DO CUXA;DEFERIDO;20;PSC;MASCULINO;PARDA;N
MA;MARANHÃO;DEPUTADO ESTADUAL;100001608135;51456;ALAN DA MARISSOL;DEFERIDO;51;PATRIOTA;MASCULINO;PARDA;N
MA;MARANHÃO;DEPUTADO FEDERAL;100001608072;1144;REMY SOARES;DEFERIDO;11;PP;MASCULINO;BRANCA;N
MA;MARANHÃO;DEPUTADO FEDERAL;100001713821;5013;ANTONIO GONÇALVES;DEFERIDO;50;PSOL;MASCULINO;PARDA;N
MA;MARANHÃO;DEPUTADO FEDERAL;100001723412;3500;ALAN;DEFERIDO;35;PMB;MASCULINO;PRETA;N
MA;MARANHÃO;DEPUTADO ESTADUAL;100001608119;51200;HILTON CARVALHO;DEFERIDO;51;PATRIOTA;MASCULINO;PARDA;N
MA;MARANHÃO;DEPUTADO FEDERAL;100001603102;2229;EDUARDO CAVALCANTE;DEFERIDO;22;PL;MASCULINO;PARDA;N
MA;MARANHÃO;DEPUTADO ESTADUAL;100001619968;45000;GIL LOPES;DEFERIDO;45;PSDB;MASCULINO;PARDA;N
MA;MARANHÃO;DEPUTADO FEDERAL;100001613714;1331;AUGUSTOLOBATO COLETIVOBALAIADA;DEFERIDO;13;PT;MASCULINO;PARDA;N
MA;MARANHÃO;DEPUTADO ESTADUAL;100001620096;20222;JUNIOR VIEIRA;DEFERIDO;20;PSC;MASCULINO;BRANCA;N
MA;MARANHÃO;DEPUTADO ESTADUAL;100001606618;15888;CICIN;DEFERIDO COM RECURSO;15;MDB;MASCULINO;BRANCA;N
MA;MARANHÃO;DEPUTADO FEDERAL;100001603112;2245;OCILÉIA FERNANDES;DEFERIDO;22;PL;FEMININO;BRANCA;N
MA;MARANHÃO;DEPUTADO ESTADUAL;100001607072;40258;DANIELLA;DEFERIDO;40;PSB;FEMININO;PARDA;S
MA;MARANHÃO;DEPUTADO FEDERAL;100001599598;9032;EUDIVAN DA MANGABA;DEFERIDO;90;PROS;MASCULINO;PARDA;N
MA;MARANHÃO;DEPUTADO ESTADUAL;100001608107;51666;CADU DO POVO;DEFERIDO;51;PATRIOTA;MASCULINO;BRANCA;N
MA;MARANHÃO;DEPUTADO FEDERAL;100001632850;3636;AUZENIR COELHO;DEFERIDO;36;AGIR;FEMININO;PARDA;N
MA;MARANHÃO;DEPUTADO ESTADUAL;100001600023;16116;NICINHA DURANS;DEFERIDO;16;PSTU;FEMININO;PRETA;N
MA;MARANHÃO;DEPUTADO FEDERAL;100001607042;2121;DRA VALUZIA;INDEFERIDO;21;PCB;FEMININO;PARDA;N
MA;MARANHÃO;DEPUTADO FEDERAL;100001602260;5545;LINDALVA CARDOSO;RENÚNCIA;55;PSD;FEMININO;PARDA;N
MA;MARANHÃO;DEPUTADO ESTADUAL;100001614794;19000;TEMA CUNHA;DEFERIDO;19;PODE;MASCULINO;BRANCA;N
MA;MARANHÃO;DEPUTADO FEDERAL;100001601137;1213;VALMIR MORAIS;DEFERIDO;12;PDT;MASCULINO;BRANCA;N
MA;MARANHÃO;DEPUTADO FEDERAL;100001610037;3030;DRA. IONARA ;DEFERIDO;30;NOVO;FEMININO;PARDA;N
MA;MARANHÃO;DEPUTADO ESTADUAL;100001607100;55510;EVANDO VIANA;DEFERIDO;55;PSD;MASCULINO;BRANCA;N
MA;MARANHÃO;DEPUTADO ESTADUAL;100001599550;90190;CORONEL MARKUS;DEFERIDO;90;PROS;MASCULINO;PARDA;N
MA;MARANHÃO;VICE-GOVERNADOR;100001600503;77;DRA. MARLY;DEFERIDO;77;SOLIDARIEDADE;FEMININO;BRANCA;N
MA;MARANHÃO;DEPUTADO FEDERAL;100001618104;2340;ELINALDO VASCONCELOS-BEIÇO;DEFERIDO;23;CIDADANIA;MASCULINO;PRETA;N
MA;MARANHÃO;DEPUTADO FEDERAL;100001615464;2014;REGINA PEREIRA;DEFERIDO;20;PSC;FEMININO;PARDA;N
MA;MARANHÃO;DEPUTADO FEDERAL;100001607047;4030;DRA ADRIANA MENDES;DEFERIDO;40;PSB;FEMININO;BRANCA;N
MA;MARANHÃO;DEPUTADO ESTADUAL;100001608087;11111;RILDO AMARAL;DEFERIDO;11;PP;MASCULINO;PARDA;S
MA;MARANHÃO;DEPUTADO ESTADUAL;100001648821;14000;JORIM FILHO;DEFERIDO;14;PTB;MASCULINO;BRANCA;N
MA;MARANHÃO;GOVERNADOR;100001600008;16;HERTZ DIAS;DEFERIDO;16;PSTU;MASCULINO;PRETA;N
MA;MARANHÃO;DEPUTADO ESTADUAL;100001613741;65400;RODRIGO LAGO;DEFERIDO;65;PC do B;MASCULINO;BRANCA;N
MA;MARANHÃO;DEPUTADO FEDERAL;100001599599;9024;LENNY DINIZ;DEFERIDO;90;PROS;FEMININO;PARDA;N
MA;MARANHÃO;DEPUTADO ESTADUAL;100001713958;18380;GERALDINHO;DEFERIDO;18;REDE;MASCULINO;PARDA;N
MA;MARANHÃO;DEPUTADO FEDERAL;100001608083;1122;ALLAN GARCES;DEFERIDO;11;PP;MASCULINO;BRANCA;N
MA;MARANHÃO;DEPUTADO FEDERAL;100001723430;2810;ITALO BARROS;DEFERIDO;28;PRTB;MASCULINO;BRANCA;N
MA;MARANHÃO;DEPUTADO FEDERAL;100001618109;2343;KATIA SILVA;DEFERIDO;23;CIDADANIA;FEMININO;BRANCA;N
MA;MARANHÃO;DEPUTADO ESTADUAL;100001689551;36013;JARDEL MEDEIROS;DEFERIDO;36;AGIR;MASCULINO;PARDA;N
MA;MARANHÃO;DEPUTADO ESTADUAL;100001603179;22180;J. J. PEREIRA;DEFERIDO;22;PL;MASCULINO;PARDA;N
MA;MARANHÃO;DEPUTADO ESTADUAL;100001613732;43456;JOÃO HÉLIO;DEFERIDO;43;PV;MASCULINO;BRANCA;N
MA;MARANHÃO;DEPUTADO ESTADUAL;100001607110;55234;JOILAN BANDEIRA;DEFERIDO;55;PSD;FEMININO;BRANCA;N
MA;MARANHÃO;DEPUTADO FEDERAL;100001608213;5109;PROF JAIRO MATOS DO INSTITUTO;DEFERIDO;51;PATRIOTA;MASCULINO;BRANCA;N
MA;MARANHÃO;GOVERNADOR;100001600504;77;SIMPLICIO;DEFERIDO;77;SOLIDARIEDADE;MASCULINO;BRANCA;N
MA;MARANHÃO;DEPUTADO FEDERAL;100001603110;2225;HENRIQUE JUNIOR;DEFERIDO;22;PL;MASCULINO;PARDA;N
MA;MARANHÃO;DEPUTADO ESTADUAL;100001723014;15987;SAMANTHA COSTA;DEFERIDO;15;MDB;FEMININO;PARDA;N
MA;MARANHÃO;DEPUTADO FEDERAL;100001730679;2028;JACKSON PEREIRA;INDEFERIDO COM RECURSO;20;PSC;MASCULINO;PARDA;N
MA;MARANHÃO;DEPUTADO ESTADUAL;100001606622;15700;NEMIAS CARVALHO;DEFERIDO;15;MDB;MASCULINO;PARDA;N
MA;MARANHÃO;DEPUTADO ESTADUAL;100001689729;35111;ARNALDO BEREBÔ;DEFERIDO;35;PMB;MASCULINO;PARDA;N
MA;MARANHÃO;DEPUTADO FEDERAL;100001689787;7733;FRANKLIN PACHECO;DEFERIDO;77;SOLIDARIEDADE;MASCULINO;PARDA;N
MA;MARANHÃO;DEPUTADO FEDERAL;100001723411;3567;ANN MICHELE;DEFERIDO;35;PMB;FEMININO;BRANCA;N
MA;MARANHÃO;GOVERNADOR;100001605313;21;FRANKLE COSTA;DEFERIDO;21;PCB;MASCULINO;BRANCA;N
MA;MARANHÃO;DEPUTADO ESTADUAL;100001713953;50513;CADU MARQUES;DEFERIDO;50;PSOL;MASCULINO;PRETA;N
MA;MARANHÃO;DEPUTADO ESTADUAL;100001619976;23789;DEAN ARAÚJO;DEFERIDO;23;CIDADANIA;MASCULINO;PARDA;N
MA;MARANHÃO;DEPUTADO FEDERAL;100001608076;1133;DR HUMBERTO;DEFERIDO;11;PP;MASCULINO;BRANCA;N
MA;MARANHÃO;DEPUTADO FEDERAL;100001603104;2228;SILVIO ANTONIO;DEFERIDO;22;PL;MASCULINO;PARDA;N
MA;MARANHÃO;DEPUTADO ESTADUAL;100001608126;51027;DR PAULO ARTE;DEFERIDO;51;PATRIOTA;MASCULINO;PRETA;N
MA;MARANHÃO;DEPUTADO ESTADUAL;100001648817;14678;CLEONICE NUNES;INDEFERIDO;14;PTB;FEMININO;PRETA;N
MA;MARANHÃO;DEPUTADO ESTADUAL;100001608129;51099;LUANDA PALÁCIO;DEFERIDO;51;PATRIOTA;FEMININO;BRANCA;N
MA;MARANHÃO;DEPUTADO FEDERAL;100001601139;1266;DELEGADO ROMULO;DEFERIDO;12;PDT;MASCULINO;BRANCA;N
MA;MARANHÃO;DEPUTADO FEDERAL;100001723431;2812;IVAN DE CAJARI FILHO;DEFERIDO;28;PRTB;MASCULINO;PARDA;N
MA;MARANHÃO;DEPUTADO ESTADUAL;100001607098;55789;DALTON ARRUDA;DEFERIDO;55;PSD;MASCULINO;BRANCA;N
MA;MARANHÃO;DEPUTADO ESTADUAL;100001732264;23024;LENICE ALVES;DEFERIDO;23;CIDADANIA;FEMININO;PARDA;N
MA;MARANHÃO;DEPUTADO ESTADUAL;100001669454;19010;LEIR CALDAS;DEFERIDO;19;PODE;FEMININO;PARDA;N
MA;MARANHÃO;DEPUTADO ESTADUAL;100001607484;44233;PROF. LUDENDORF;DEFERIDO;44;UNIÃO;MASCULINO;PARDA;N
MA;MARANHÃO;DEPUTADO FEDERAL;100001610551;4499;TENENTE WELTON;DEFERIDO;44;UNIÃO;MASCULINO;PARDA;N
MA;MARANHÃO;DEPUTADO FEDERAL;100001613707;6555;WANDA MONTELE;DEFERIDO;65;PC do B;FEMININO;PARDA;N
MA;MARANHÃO;DEPUTADO ESTADUAL;100001607109;55022;VALDIRENE CHAGAS;DEFERIDO;55;PSD;FEMININO;PRETA;N
MA;MARANHÃO;DEPUTADO FEDERAL;100001608207;5144;MAYANE MARTINS;DEFERIDO;51;PATRIOTA;FEMININO;PARDA;N
MA;MARANHÃO;VICE-GOVERNADOR;100001667488;40;FELIPE CAMARÃO;DEFERIDO;13;PT;MASCULINO;PARDA;N
MA;MARANHÃO;DEPUTADO ESTADUAL;100001600020;16789;DOMINGOS FILHO;INDEFERIDO COM RECURSO;16;PSTU;MASCULINO;PRETA;N
MA;MARANHÃO;DEPUTADO ESTADUAL;100001723191;27369;CAPELÃO CORREA;DEFERIDO;27;DC;MASCULINO;PARDA;N
MA;MARANHÃO;DEPUTADO ESTADUAL;100001608110;51799;ELENILDES BRAGA;DEFERIDO;51;PATRIOTA;FEMININO;PRETA;N
MA;MARANHÃO;DEPUTADO ESTADUAL;100001723200;27888;IRMÃ TASSIA;DEFERIDO;27;DC;FEMININO;PARDA;N
MA;MARANHÃO;DEPUTADO ESTADUAL;100001599547;90234;EDIMAR DA FARMÁCIA;DEFERIDO;90;PROS;MASCULINO;PRETA;N
MA;MARANHÃO;DEPUTADO FEDERAL;100001632858;3620;FERNANDO LOBATO;DEFERIDO;36;AGIR;MASCULINO;PARDA;N
MA;MARANHÃO;DEPUTADO FEDERAL;100001603105;2212;LUCIANO GALEGO;DEFERIDO;22;PL;MASCULINO;BRANCA;N
MA;MARANHÃO;DEPUTADO ESTADUAL;100001607077;40222;FLORÊNCIO NETO;DEFERIDO;40;PSB;MASCULINO;BRANCA;N
MA;MARANHÃO;DEPUTADO ESTADUAL;100001599592;12444;COLETIVO_ ENFERMAGEM_ALAYNA;DEFERIDO;12;PDT;FEMININO;PARDA;N
MA;MARANHÃO;DEPUTADO ESTADUAL;100001606627;15789;ROBERTO COSTA;DEFERIDO;15;MDB;MASCULINO;PARDA;S
MA;MARANHÃO;DEPUTADO ESTADUAL;100001689542;36423;DEUZILENE BARROS;INDEFERIDO COM RECURSO;36;AGIR;FEMININO;PARDA;N
MA;MARANHÃO;DEPUTADO FEDERAL;100001613713;1300;FRANSUÍLA ;DEFERIDO;13;PT;FEMININO;PARDA;N
MA;MARANHÃO;DEPUTADO ESTADUAL;100001607084;40115;SANDRA OLIVEIRA;DEFERIDO;40;PSB;FEMININO;PRETA;N
MA;MARANHÃO;DEPUTADO ESTADUAL;100001602654;10234;GRAÇA CARDIAL;INDEFERIDO;10;REPUBLICANOS;FEMININO;PARDA;N
MA;MARANHÃO;DEPUTADO ESTADUAL;100001608088;11333;PROFESSORA SOCORRO WAQUIM;DEFERIDO;11;PP;FEMININO;PARDA;S
MA;MARANHÃO;DEPUTADO ESTADUAL;100001613738;13699;EVANDRO SIQUEIRA DO PT;DEFERIDO;13;PT;MASCULINO;BRANCA;N
MA;MARANHÃO;DEPUTADO FEDERAL;100001603111;2200;JÚNIOR LOURENÇO;DEFERIDO;22;PL;MASCULINO;PARDA;S
MA;MARANHÃO;DEPUTADO ESTADUAL;100001689718;35567;FERNANDO SILVA LOCUTOR;DEFERIDO;35;PMB;MASCULINO;BRANCA;N
MA;MARANHÃO;DEPUTADO ESTADUAL;100001599575;12222;CIRO NETO;DEFERIDO;12;PDT;MASCULINO;BRANCA;S
MA;MARANHÃO;DEPUTADO FEDERAL;100001613708;6513;MARCIO JERRY;DEFERIDO;65;PC do B;MASCULINO;PARDA;S
MA;MARANHÃO;DEPUTADO ESTADUAL;100001607066;40100;PROF ADROALDO COLETIVO VAMOS;DEFERIDO;40;PSB;MASCULINO;PRETA;N
MA;MARANHÃO;DEPUTADO ESTADUAL;100001608116;51776;MARCIA CARVALHO;DEFERIDO;51;PATRIOTA;FEMININO;PARDA;N
MA;MARANHÃO;DEPUTADO ESTADUAL;100001723432;19532;GEYSE REIS;DEFERIDO;19;PODE;FEMININO;PARDA;N
MA;MARANHÃO;DEPUTADO FEDERAL;100001723422;2800;ALUISIO JUNIOR;DEFERIDO;28;PRTB;MASCULINO;PRETA;N
MA;MARANHÃO;DEPUTADO ESTADUAL;100001723201;27303;LUZINETE MOURA;DEFERIDO;27;DC;FEMININO;PARDA;N
MA;MARANHÃO;DEPUTADO ESTADUAL;100001608108;51221;HILDES FREITAS;DEFERIDO;51;PATRIOTA;FEMININO;PRETA;N
MA;MARANHÃO;DEPUTADO ESTADUAL;100001607107;55222;RICARDO SEIDEL;DEFERIDO;55;PSD;MASCULINO;BRANCA;N
MA;MARANHÃO;DEPUTADO ESTADUAL;100001608105;51888;PEDRO DA PRAÇA;DEFERIDO;51;PATRIOTA;MASCULINO;PRETA;N
MA;MARANHÃO;DEPUTADO ESTADUAL;100001648818;14221;ZILMARA;DEFERIDO;14;PTB;FEMININO;PARDA;N
MA;MARANHÃO;DEPUTADO ESTADUAL;100001614813;19445;JORGE TIKIRA;DEFERIDO;19;PODE;MASCULINO;PARDA;N
MA;MARANHÃO;DEPUTADO FEDERAL;100001601133;1277;RAISSA MENDONÇA;DEFERIDO;12;PDT;FEMININO;PRETA;N
MA;MARANHÃO;DEPUTADO ESTADUAL;100001607061;40048;CRIS DO PRIMAVERA;DEFERIDO;40;PSB;FEMININO;PRETA;N
MA;MARANHÃO;DEPUTADO FEDERAL;100001608074;1188;FRED CAMPOS;RENÚNCIA;11;PP;MASCULINO;PARDA;N
MA;MARANHÃO;DEPUTADO ESTADUAL;100001614816;19777;LOURIVAL SANTOS;DEFERIDO;19;PODE;MASCULINO;PARDA;N
MA;MARANHÃO;DEPUTADO FEDERAL;100001610556;4420;IVAN JUNIOR;DEFERIDO;44;UNIÃO;MASCULINO;PRETA;N
MA;MARANHÃO;DEPUTADO FEDERAL;100001723415;3513;COLETIVO UNIDOS PELO MARANHÃO;DEFERIDO;35;PMB;MASCULINO;BRANCA;N
MA;MARANHÃO;DEPUTADO ESTADUAL;100001606606;15333;JERONIMO;DEFERIDO;15;MDB;MASCULINO;BRANCA;N
MA;MARANHÃO;DEPUTADO FEDERAL;100001599082;1515;ROSEANA SARNEY;DEFERIDO;15;MDB;FEMININO;BRANCA;N
MA;MARANHÃO;DEPUTADO ESTADUAL;100001713948;50013;BARROS;DEFERIDO;50;PSOL;MASCULINO;PARDA;N
MA;MARANHÃO;DEPUTADO FEDERAL;100001602273;5577;CHAGAS O MANDELA;DEFERIDO;55;PSD;MASCULINO;PRETA;N
MA;MARANHÃO;DEPUTADO ESTADUAL;100001614808;19556;MARCELO PENHA;INDEFERIDO COM RECURSO;19;PODE;MASCULINO;BRANCA;N
MA;MARANHÃO;DEPUTADO FEDERAL;100001601138;1210;ENF. JOSÉ CARLOS;DEFERIDO;12;PDT;MASCULINO;PARDA;N
MA;MARANHÃO;DEPUTADO ESTADUAL;100001731346;40234;REGINA DO SALÃO;DEFERIDO;40;PSB;FEMININO;PRETA;N
MA;MARANHÃO;DEPUTADO ESTADUAL;100001729508;28432;AMÁLIA FERRAZ;DEFERIDO;28;PRTB;FEMININO;BRANCA;N
MA;MARANHÃO;DEPUTADO FEDERAL;100001602267;5567;ERICA CUNHA;DEFERIDO;55;PSD;FEMININO;BRANCA;N
MA;MARANHÃO;DEPUTADO FEDERAL;100001599603;9000;DR. RAFAEL NUNES;DEFERIDO;90;PROS;MASCULINO;BRANCA;N
MA;MARANHÃO;DEPUTADO ESTADUAL;100001620085;20852;ENFERMEIRO SARGENTO JOSIMAR;DEFERIDO;20;PSC;MASCULINO;PRETA;N
MA;MARANHÃO;DEPUTADO FEDERAL;100001599606;9009;WYNDSON CARVALHO ;DEFERIDO;90;PROS;MASCULINO;PRETA;N
MA;MARANHÃO;DEPUTADO FEDERAL;100001613711;1355;GASTÃO VIEIRA;DEFERIDO;13;PT;MASCULINO;PARDA;S
MA;MARANHÃO;DEPUTADO ESTADUAL;100001608125;51777;SERGIO ALBUQUERQUE;DEFERIDO;51;PATRIOTA;MASCULINO;BRANCA;N
MA;MARANHÃO;DEPUTADO FEDERAL;100001610559;4444;PEDRO LUCAS FERNANDES;DEFERIDO;44;UNIÃO;MASCULINO;BRANCA;S
MA;MARANHÃO;SENADOR;100001613450;277;PASTOR IVO NOGUEIRA;DEFERIDO;27;DC;MASCULINO;PRETA;N
MA;MARANHÃO;DEPUTADO ESTADUAL;100001675665;28888;ALDO ROGÉRIO COLETIVO DO POVO;DEFERIDO;28;PRTB;MASCULINO;PARDA;N
MA;MARANHÃO;DEPUTADO ESTADUAL;100001689562;36231;IRMÃ ELIETE SILVA;DEFERIDO;36;AGIR;FEMININO;PARDA;N
MA;MARANHÃO;DEPUTADO FEDERAL;100001638989;2727;EDUARDO MARTINS;DEFERIDO;27;DC;MASCULINO;PARDA;N
MA;MARANHÃO;DEPUTADO ESTADUAL;100001619965;45555;INÁCIO MELO;DEFERIDO;45;PSDB;MASCULINO;BRANCA;N
MA;MARANHÃO;2º SUPLENTE;100001713305;500;DECO;DEFERIDO;50;PSOL;MASCULINO;PRETA;N
MA;MARANHÃO;DEPUTADO FEDERAL;100001723263;7020;RITA AMARAL;DEFERIDO;70;AVANTE;FEMININO;PRETA;N
MA;MARANHÃO;DEPUTADO ESTADUAL;100001713949;50777;ALEXSANDRA;DEFERIDO;50;PSOL;FEMININO;PARDA;N
MA;MARANHÃO;DEPUTADO ESTADUAL;100001689565;36999;MARLY ALVES AMADINHA;DEFERIDO;36;AGIR;FEMININO;PARDA;N
MA;MARANHÃO;DEPUTADO ESTADUAL;100001608094;11026;GEISA MIRANDA;DEFERIDO;11;PP;FEMININO;BRANCA;N
MA;MARANHÃO;DEPUTADO ESTADUAL;100001620079;20000;FERNANDO BRAIDE;DEFERIDO;20;PSC;MASCULINO;BRANCA;N
MA;MARANHÃO;DEPUTADO ESTADUAL;100001614806;19888;JÚNIOR CASCARIA;DEFERIDO;19;PODE;MASCULINO;PARDA;N
MA;MARANHÃO;DEPUTADO FEDERAL;100001615465;2020;ALUISIO MENDES;DEFERIDO;20;PSC;MASCULINO;BRANCA;S
MA;MARANHÃO;DEPUTADO FEDERAL;100001689780;7707;ILSON BAIANO;FALECIMENTO;77;SOLIDARIEDADE;MASCULINO;PARDA;N
MA;MARANHÃO;DEPUTADO FEDERAL;100001732434;4034;DONA CEIÇA;DEFERIDO;40;PSB;FEMININO;PARDA;N
MA;MARANHÃO;DEPUTADO ESTADUAL;100001713951;50002;ANGELA MARIA;DEFERIDO;50;PSOL;FEMININO;PRETA;N
MA;MARANHÃO;DEPUTADO ESTADUAL;100001675663;28190;SARGENTO ELIEZIO;DEFERIDO;28;PRTB;MASCULINO;PARDA;N
MA;MARANHÃO;DEPUTADO FEDERAL;100001599610;9092;GEOVANE CASTRO;INDEFERIDO;90;PROS;MASCULINO;PARDA;N
MA;MARANHÃO;DEPUTADO ESTADUAL;100001689561;36222;MARCELO PORTO;DEFERIDO;36;AGIR;MASCULINO;PARDA;N
MA;MARANHÃO;DEPUTADO FEDERAL;100001614977;1977;JACINTA JOSÉ;DEFERIDO;19;PODE;FEMININO;PARDA;N
MA;MARANHÃO;DEPUTADO ESTADUAL;100001648823;14222;RAPOSAO;DEFERIDO;14;PTB;MASCULINO;PRETA;N
MA;MARANHÃO;DEPUTADO FEDERAL;100001608203;5166;NENEM DA FEIRA;DEFERIDO;51;PATRIOTA;FEMININO;PARDA;N
MA;MARANHÃO;DEPUTADO FEDERAL;100001610546;4412;ALDY JUNIOR;DEFERIDO;44;UNIÃO;MASCULINO;PARDA;N
MA;MARANHÃO;DEPUTADO FEDERAL;100001608080;1101;LIDIANE BARROS;DEFERIDO;11;PP;FEMININO;PARDA;N
MA;MARANHÃO;DEPUTADO FEDERAL;100001632857;3663;BRUNA LEÃO;DEFERIDO;36;AGIR;FEMININO;PARDA;N
MA;MARANHÃO;DEPUTADO FEDERAL;100001638999;2730;MISS LUCIVALDO;INDEFERIDO;27;DC;MASCULINO;PARDA;N
MA;MARANHÃO;DEPUTADO FEDERAL;100001613709;4313;GM MAIS;DEFERIDO;43;PV;MASCULINO;PARDA;N
MA;MARANHÃO;DEPUTADO FEDERAL;100001602276;5512;LEYNHA OLIVEIRA;DEFERIDO;55;PSD;FEMININO;PARDA;N
MA;MARANHÃO;DEPUTADO FEDERAL;100001615467;2034;ALEX PAIVA;DEFERIDO;20;PSC;MASCULINO;PARDA;N
MA;MARANHÃO;DEPUTADO ESTADUAL;100001599590;12346;COLETIVO JUSTIÇA JUIZ SIDNEY;DEFERIDO;12;PDT;MASCULINO;PRETA;N
MA;MARANHÃO;DEPUTADO FEDERAL;100001603115;2233;DETINHA;DEFERIDO;22;PL;FEMININO;PARDA;N
MA;MARANHÃO;DEPUTADO FEDERAL;100001613706;6565;FLAVIA ALVES;DEFERIDO;65;PC do B;FEMININO;PARDA;N
MA;MARANHÃO;DEPUTADO FEDERAL;100001610038;3000;MARKUS TRINTA;DEFERIDO;30;NOVO;MASCULINO;PARDA;N
MA;MARANHÃO;DEPUTADO ESTADUAL;100001603187;22123;ALUIZIO SANTOS;DEFERIDO;22;PL;MASCULINO;PRETA;N
MA;MARANHÃO;DEPUTADO FEDERAL;100001713832;5080;CARLINHOS SILVA;DEFERIDO;50;PSOL;MASCULINO;PARDA;N
MA;MARANHÃO;DEPUTADO FEDERAL;100001713836;5051;ALINE MARIA;DEFERIDO;50;PSOL;FEMININO;PRETA;N
MA;MARANHÃO;DEPUTADO ESTADUAL;100001613736;43777;NUBIA DO HERMES;DEFERIDO;43;PV;FEMININO;PARDA;N
MA;MARANHÃO;2º SUPLENTE;100001639638;145;PASTOR BEL;DEFERIDO;36;AGIR;MASCULINO;PARDA;N
MA;MARANHÃO;DEPUTADO ESTADUAL;100001723208;27124;REGINALDO FERREIRA;DEFERIDO;27;DC;MASCULINO;PRETA;N
MA;MARANHÃO;DEPUTADO ESTADUAL;100001607115;55380;PROF. JULIO CÉSAR;DEFERIDO;55;PSD;MASCULINO;BRANCA;N
MA;MARANHÃO;DEPUTADO ESTADUAL;100001614814;19337;KELLY BRITO;INDEFERIDO COM RECURSO;19;PODE;FEMININO;BRANCA;N
MA;MARANHÃO;DEPUTADO FEDERAL;100001618108;2345;NUBIA DUTRA;INDEFERIDO COM RECURSO;23;CIDADANIA;FEMININO;PRETA;N
MA;MARANHÃO;DEPUTADO FEDERAL;100001614968;1955;RAIMUNDO COELHO;DEFERIDO;19;PODE;MASCULINO;BRANCA;N
MA;MARANHÃO;DEPUTADO FEDERAL;100001618107;2322;LUCIANA ABREU;DEFERIDO;23;CIDADANIA;FEMININO;PARDA;N
MA;MARANHÃO;DEPUTADO ESTADUAL;100001603158;22000;FABIANA VILAR;DEFERIDO;22;PL;FEMININO;BRANCA;N
MA;MARANHÃO;DEPUTADO ESTADUAL;100001689539;36777;CÉLIO REI DO CAVALO;DEFERIDO;36;AGIR;MASCULINO;PARDA;N
MA;MARANHÃO;DEPUTADO ESTADUAL;100001599548;90009;EDUARDO MARANHÃO ;DEFERIDO;90;PROS;MASCULINO;PRETA;N
MA;MARANHÃO;DEPUTADO ESTADUAL;100001602651;10012;KLEBER CAMPOS;DEFERIDO;10;REPUBLICANOS;MASCULINO;PARDA;N
MA;MARANHÃO;DEPUTADO ESTADUAL;100001723190;27678;ANTÔNIO JOSÉ;DEFERIDO;27;DC;MASCULINO;PARDA;N
MA;MARANHÃO;DEPUTADO FEDERAL;100001618105;4540;DEISE FURACÃO;DEFERIDO;45;PSDB;FEMININO;PARDA;N
MA;MARANHÃO;DEPUTADO ESTADUAL;100001613728;65000;ANA DO GÁS;DEFERIDO;65;PC do B;FEMININO;PARDA;S
MA;MARANHÃO;DEPUTADO ESTADUAL;100001603166;22345;SOLANGE ALMEIDA;DEFERIDO;22;PL;FEMININO;PARDA;N
MA;MARANHÃO;DEPUTADO ESTADUAL;100001723199;27999;MILENA CALAFELL;DEFERIDO;27;DC;FEMININO;BRANCA;N
MA;MARANHÃO;DEPUTADO ESTADUAL;100001608134;51890;PROFESSOR JOILSON CASTRO;DEFERIDO;51;PATRIOTA;MASCULINO;PRETA;N
MA;MARANHÃO;DEPUTADO ESTADUAL;100001607082;40777;ISABELLE PASSINHO;DEFERIDO;40;PSB;FEMININO;BRANCA;N
MA;MARANHÃO;DEPUTADO ESTADUAL;100001713943;50400;JOAQUIM VIANA;DEFERIDO;50;PSOL;MASCULINO;PARDA;N
MA;MARANHÃO;DEPUTADO FEDERAL;100001723417;3540;MARIA DAS NEVES;DEFERIDO;35;PMB;FEMININO;BRANCA;N
MA;MARANHÃO;DEPUTADO FEDERAL;100001638992;2722;MARTA MATOS;DEFERIDO;27;DC;FEMININO;BRANCA;N
MA;MARANHÃO;DEPUTADO ESTADUAL;100001648824;14111;CABO DIAS;DEFERIDO;14;PTB;MASCULINO;PARDA;N
MA;MARANHÃO;DEPUTADO ESTADUAL;100001689543;36036;DR EDEMOR COELHO;DEFERIDO;36;AGIR;MASCULINO;PARDA;N
MA;MARANHÃO;GOVERNADOR;100001615758;27;PROFESSOR JOAS MORAES;DEFERIDO;27;DC;MASCULINO;PRETA;N
MA;MARANHÃO;DEPUTADO ESTADUAL;100001600021;16000;LUZIVANDA;INDEFERIDO COM RECURSO;16;PSTU;FEMININO;PARDA;N
MA;MARANHÃO;DEPUTADO ESTADUAL;100001620076;20321;DIOGO AVILA;DEFERIDO;20;PSC;MASCULINO;PARDA;N
MA;MARANHÃO;DEPUTADO ESTADUAL;100001603182;22252;ANA MELO;DEFERIDO;22;PL;FEMININO;BRANCA;N
MA;MARANHÃO;DEPUTADO ESTADUAL;100001732266;23008;MARIA RUTHE;DEFERIDO;23;CIDADANIA;FEMININO;PARDA;N
MA;MARANHÃO;DEPUTADO FEDERAL;100001737140;5070;ELU DO COLETIVO ANDIROBAL;AGUARDANDO JULGAMENTO;50;PSOL;FEMININO;PRETA;N
MA;MARANHÃO;DEPUTADO ESTADUAL;100001607114;55663;ELPIDIO MARTINS;DEFERIDO;55;PSD;MASCULINO;BRANCA;N
MA;MARANHÃO;DEPUTADO ESTADUAL;100001607064;40456;DAVI BRANDÃO;DEFERIDO;40;PSB;MASCULINO;BRANCA;N
MA;MARANHÃO;DEPUTADO ESTADUAL;100001599570;90100;LOIRA DO SALÃO;DEFERIDO;90;PROS;FEMININO;BRANCA;N
MA;MARANHÃO;DEPUTADO FEDERAL;100001602007;1055;VALCIZÃO DO MARANHÃO;RENÚNCIA;10;REPUBLICANOS;MASCULINO;PRETA;N
MA;MARANHÃO;DEPUTADO FEDERAL;100001599594;9087;EDÉSIO NASCIMENTO;DEFERIDO;90;PROS;MASCULINO;PARDA;N
MA;MARANHÃO;DEPUTADO FEDERAL;100001602012;1012;ROSANA DA SAÚDE ;DEFERIDO;10;REPUBLICANOS;FEMININO;BRANCA;N
MA;MARANHÃO;DEPUTADO FEDERAL;100001599088;1544;JOELMA;DEFERIDO;15;MDB;FEMININO;PRETA;N
MA;MARANHÃO;DEPUTADO ESTADUAL;100001603171;22111;PARÁ FIGUEIREDO;DEFERIDO;22;PL;MASCULINO;PRETA;S
MA;MARANHÃO;DEPUTADO ESTADUAL;100001648816;14140;LUIS ALVES;DEFERIDO;14;PTB;MASCULINO;PARDA;N
MA;MARANHÃO;DEPUTADO ESTADUAL;100001613746;65333;COMPANHEIRA LINDALVA;DEFERIDO;65;PC do B;FEMININO;PARDA;N
MA;MARANHÃO;DEPUTADO ESTADUAL;100001675668;28369;GUIMARÃES JÚNIOR;DEFERIDO;28;PRTB;MASCULINO;PARDA;N
MA;MARANHÃO;DEPUTADO ESTADUAL;100001675670;28777;BRUNO LICAR;DEFERIDO;28;PRTB;MASCULINO;PARDA;N
MA;MARANHÃO;SENADOR;100001639640;145;ROBERTO ROCHA;DEFERIDO;14;PTB;MASCULINO;PARDA;S
MA;MARANHÃO;DEPUTADO ESTADUAL;100001599568;90111;REPÓRTER PULIÇA;DEFERIDO;90;PROS;MASCULINO;PARDA;N
MA;MARANHÃO;DEPUTADO FEDERAL;100001713818;5010;MAGÃO;DEFERIDO;50;PSOL;MASCULINO;PARDA;N
MA;MARANHÃO;DEPUTADO ESTADUAL;100001713946;18123;PROFESSORA MARINILDE;DEFERIDO;18;REDE;FEMININO;PARDA;N
MA;MARANHÃO;DEPUTADO FEDERAL;100001723260;7030;ALFREDO CORREA;DEFERIDO;70;AVANTE;MASCULINO;PRETA;N
MA;MARANHÃO;DEPUTADO ESTADUAL;100001713952;50999;PROF ARNALDO RODRIGUES;DEFERIDO;50;PSOL;MASCULINO;PARDA;N
MA;MARANHÃO;DEPUTADO FEDERAL;100001723428;2818;BYANCA REGINA;DEFERIDO;28;PRTB;FEMININO;PARDA;N
MA;MARANHÃO;DEPUTADO ESTADUAL;100001689730;35120;MARILENE RIBEIRO FERREIRA;DEFERIDO;35;PMB;FEMININO;BRANCA;N
MA;MARANHÃO;DEPUTADO FEDERAL;100001608075;1111;ANDRÉ FUFUCA;DEFERIDO;11;PP;MASCULINO;PARDA;S
MA;MARANHÃO;DEPUTADO ESTADUAL;100001620091;20900;MARINA MARQUES;DEFERIDO;20;PSC;FEMININO;PARDA;N
MA;MARANHÃO;DEPUTADO FEDERAL;100001610035;3055;THIARONE ROCHA;DEFERIDO;30;NOVO;MASCULINO;PARDA;N
MA;MARANHÃO;DEPUTADO FEDERAL;100001610560;4404;CADEIRANTE AGEMIRO;DEFERIDO;44;UNIÃO;MASCULINO;PARDA;N
MA;MARANHÃO;DEPUTADO FEDERAL;100001610549;4414;KATYANE LEITE;DEFERIDO;44;UNIÃO;FEMININO;BRANCA;N
MA;MARANHÃO;DEPUTADO ESTADUAL;100001619960;23233;FLÁVIA SILVA;DEFERIDO;23;CIDADANIA;FEMININO;BRANCA;N
MA;MARANHÃO;DEPUTADO ESTADUAL;100001599579;12112;ADIEL MOREIRA;DEFERIDO;12;PDT;MASCULINO;PRETA;N
MA;MARANHÃO;DEPUTADO FEDERAL;100001648831;1417;ALBERTO EDUARDO;INDEFERIDO COM RECURSO;14;PTB;MASCULINO;PARDA;N
MA;MARANHÃO;DEPUTADO ESTADUAL;100001602649;10555;JAIRZINHO FILHO;DEFERIDO;10;REPUBLICANOS;MASCULINO;PARDA;N
MA;MARANHÃO;DEPUTADO ESTADUAL;100001620078;20147;NALDINHO;DEFERIDO;20;PSC;MASCULINO;PRETA;N
MA;MARANHÃO;DEPUTADO ESTADUAL;100001599583;12333;FRED MAIA;DEFERIDO;12;PDT;MASCULINO;BRANCA;N
MA;MARANHÃO;DEPUTADO ESTADUAL;100001603177;22558;SANDRA MARIA;DEFERIDO;22;PL;FEMININO;PARDA;N
MA;MARANHÃO;VICE-GOVERNADOR;100001609047;20;DR GUTEMBERG;DEFERIDO;20;PSC;MASCULINO;PARDA;N
MA;MARANHÃO;DEPUTADO FEDERAL;100001602008;1013;DRA LENÍCIA ALVES ;DEFERIDO;10;REPUBLICANOS;FEMININO;BRANCA;N
MA;MARANHÃO;DEPUTADO ESTADUAL;100001613739;13013;LUIZ HENRIQUE LULA;DEFERIDO;13;PT;MASCULINO;PRETA;N
MA;MARANHÃO;DEPUTADO ESTADUAL;100001613740;65123;RICARDO RIOS;DEFERIDO;65;PC do B;MASCULINO;BRANCA;S
MA;MARANHÃO;DEPUTADO ESTADUAL;100001599551;90000;MARCOS CALDAS;DEFERIDO;90;PROS;MASCULINO;PARDA;N
MA;MARANHÃO;DEPUTADO FEDERAL;100001600014;1611;BENNÃO VIANA;DEFERIDO;16;PSTU;MASCULINO;PARDA;N
MA;MARANHÃO;DEPUTADO ESTADUAL;100001603174;22453;PROFESSORA ARACELE;DEFERIDO;22;PL;FEMININO;PARDA;N
MA;MARANHÃO;DEPUTADO ESTADUAL;100001689574;36852;RICARDO LOPES;DEFERIDO;36;AGIR;MASCULINO;PARDA;N
MA;MARANHÃO;DEPUTADO ESTADUAL;100001723196;27149;GENILSON CUNHA;DEFERIDO;27;DC;MASCULINO;BRANCA;N
MA;MARANHÃO;DEPUTADO ESTADUAL;100001599580;12456;DRA VIVIANNE;DEFERIDO;12;PDT;FEMININO;PARDA;N
MA;MARANHÃO;DEPUTADO ESTADUAL;100001689571;36123;RAFAEL PEROTI;DEFERIDO;36;AGIR;MASCULINO;PARDA;N
MA;MARANHÃO;DEPUTADO FEDERAL;100001615476;2010;SIRLAN FEDERAL DO BONFIM;DEFERIDO;20;PSC;FEMININO;BRANCA;N
MA;MARANHÃO;DEPUTADO ESTADUAL;100001607103;55027;DANY GOMES;DEFERIDO;55;PSD;FEMININO;PARDA;N
MA;MARANHÃO;DEPUTADO FEDERAL;100001608077;1117;VERAS;DEFERIDO;11;PP;MASCULINO;PARDA;N
MA;MARANHÃO;DEPUTADO ESTADUAL;100001689548;36936;VERAS;DEFERIDO;36;AGIR;MASCULINO;PARDA;N
MA;MARANHÃO;DEPUTADO FEDERAL;100001601132;1258;ZÉ EIDER;DEFERIDO;12;PDT;MASCULINO;PARDA;N
MA;MARANHÃO;DEPUTADO ESTADUAL;100001599553;90555;CLEONER;DEFERIDO;90;PROS;MASCULINO;PARDA;N
MA;MARANHÃO;DEPUTADO ESTADUAL;100001728469;35500;BAIANO;DEFERIDO;35;PMB;MASCULINO;BRANCA;N
MA;MARANHÃO;DEPUTADO FEDERAL;100001599597;9022;ELMARENE;DEFERIDO;90;PROS;FEMININO;PARDA;N
MA;MARANHÃO;DEPUTADO FEDERAL;100001638991;2705;SAMUEL CALACIO;DEFERIDO;27;DC;MASCULINO;BRANCA;N
MA;MARANHÃO;DEPUTADO ESTADUAL;100001689725;35789;L CARLOS COLETIVO COCAIS;DEFERIDO;35;PMB;MASCULINO;BRANCA;N
MA;MARANHÃO;DEPUTADO FEDERAL;100001737553;5050;PASTOR ASSIS;AGUARDANDO JULGAMENTO;50;PSOL;MASCULINO;PARDA;N
MA;MARANHÃO;DEPUTADO ESTADUAL;100001689722;35777;MC ALCINO;DEFERIDO;35;PMB;MASCULINO;BRANCA;N
MA;MARANHÃO;DEPUTADO FEDERAL;100001602264;5517;SAMOEL DE ITAPECURU;DEFERIDO;55;PSD;MASCULINO;PARDA;N
MA;MARANHÃO;DEPUTADO ESTADUAL;100001620081;20700;IVONALDO GUIMARAES;DEFERIDO;20;PSC;MASCULINO;PRETA;N
MA;MARANHÃO;DEPUTADO ESTADUAL;100001607069;40233;ARISTON GONÇALO;DEFERIDO;40;PSB;MASCULINO;BRANCA;S
MA;MARANHÃO;DEPUTADO ESTADUAL;100001725390;50500;PROFESSORA GRAZI;DEFERIDO;50;PSOL;FEMININO;PARDA;N
MA;MARANHÃO;DEPUTADO FEDERAL;100001602278;5510;DRA CAROL;DEFERIDO;55;PSD;FEMININO;PARDA;N
MA;MARANHÃO;DEPUTADO ESTADUAL;100001723188;27733;PROFESSOR RIBAMAR;DEFERIDO;27;DC;MASCULINO;BRANCA;N
MA;MARANHÃO;DEPUTADO FEDERAL;100001608210;5123;A JAPA DO ARROCHA;DEFERIDO;51;PATRIOTA;FEMININO;PARDA;N
MA;MARANHÃO;DEPUTADO ESTADUAL;100001689555;36336;JULIETE ANDRADE;DEFERIDO;36;AGIR;FEMININO;PARDA;N
MA;MARANHÃO;DEPUTADO FEDERAL;100001713823;5022;PROFESSOR ARIMATEA;DEFERIDO;50;PSOL;MASCULINO;PARDA;N
MA;MARANHÃO;DEPUTADO ESTADUAL;100001607096;55690;IRMÃO CARLOS;DEFERIDO;55;PSD;MASCULINO;BRANCA;N
MA;MARANHÃO;DEPUTADO ESTADUAL;100001599558;90222;SANDRA CORREA ;DEFERIDO;90;PROS;FEMININO;PARDA;N
MA;MARANHÃO;DEPUTADO ESTADUAL;100001725945;35456;HERLANE RIBEIRO;DEFERIDO;35;PMB;MASCULINO;AMARELA;N
MA;MARANHÃO;GOVERNADOR;100001713289;50;ENILTON RODRIGUES;DEFERIDO;50;PSOL;MASCULINO;PARDA;N
MA;MARANHÃO;DEPUTADO ESTADUAL;100001606612;15225;FELIPE DE CHICÃO;DEFERIDO;15;MDB;MASCULINO;PARDA;N
MA;MARANHÃO;DEPUTADO ESTADUAL;100001607119;55580;ANDRÉ BRAZ;DEFERIDO;55;PSD;MASCULINO;PARDA;N
MA;MARANHÃO;DEPUTADO ESTADUAL;100001620095;20789;DR SONIA SOUSA;DEFERIDO;20;PSC;FEMININO;BRANCA;N
MA;MARANHÃO;DEPUTADO ESTADUAL;100001603170;22100;NILTINHO BEZERRA;DEFERIDO;22;PL;MASCULINO;PARDA;N
MA;MARANHÃO;DEPUTADO FEDERAL;100001599078;1516;HILDO ROCHA;DEFERIDO;15;MDB;MASCULINO;BRANCA;S
MA;MARANHÃO;DEPUTADO ESTADUAL;100001620069;20456;SOLDADO LEITE;DEFERIDO;20;PSC;MASCULINO;PARDA;N
MA;MARANHÃO;DEPUTADO FEDERAL;100001613718;1333;VANIA DO MST;DEFERIDO;13;PT;FEMININO;PRETA;N
MA;MARANHÃO;DEPUTADO FEDERAL;100001723419;3505;LENA;DEFERIDO;35;PMB;FEMININO;PARDA;N
MA;MARANHÃO;DEPUTADO FEDERAL;100001723262;7023;SARGENTO BUGIGANGA;RENÚNCIA;70;AVANTE;MASCULINO;PARDA;N
MA;MARANHÃO;DEPUTADO FEDERAL;100001723427;2874;ANTONIA SANTOS;DEFERIDO;28;PRTB;FEMININO;PARDA;N
MA;MARANHÃO;DEPUTADO ESTADUAL;100001689568;36666;NERI DE SOUZA;DEFERIDO;36;AGIR;MASCULINO;PARDA;N
MA;MARANHÃO;DEPUTADO ESTADUAL;100001599546;90999;KARINA LEDA;DEFERIDO;90;PROS;FEMININO;BRANCA;N
MA;MARANHÃO;DEPUTADO ESTADUAL;100001606621;15200;MILLA ANDRADE;DEFERIDO;15;MDB;FEMININO;BRANCA;N
MA;MARANHÃO;DEPUTADO ESTADUAL;100001723189;27789;MARI;DEFERIDO;27;DC;FEMININO;BRANCA;N
MA;MARANHÃO;DEPUTADO ESTADUAL;100001619950;45455;MARCOS PIRÃO;DEFERIDO;45;PSDB;MASCULINO;PARDA;N
MA;MARANHÃO;DEPUTADO ESTADUAL;100001607097;55999;CRISTIANO BATALHA;RENÚNCIA;55;PSD;MASCULINO;PARDA;N
MA;MARANHÃO;DEPUTADO FEDERAL;100001723426;2820;NOGUEIRA DO POVÃO;INDEFERIDO COM RECURSO;28;PRTB;MASCULINO;PRETA;N
MA;MARANHÃO;DEPUTADO ESTADUAL;100001713942;50507;JOANICE RIOS;DEFERIDO;50;PSOL;FEMININO;BRANCA;N
MA;MARANHÃO;DEPUTADO FEDERAL;100001608204;5155;COLETIVO PMBM SGT GILMAR ANJOS;DEFERIDO;51;PATRIOTA;MASCULINO;PARDA;N
MA;MARANHÃO;DEPUTADO FEDERAL;100001689791;7755;MARCOS PEREIRA;DEFERIDO;77;SOLIDARIEDADE;MASCULINO;PRETA;N
MA;MARANHÃO;DEPUTADO ESTADUAL;100001599591;12345;CLAUDIA COUTINHO;DEFERIDO;12;PDT;FEMININO;PARDA;N
MA;MARANHÃO;DEPUTADO ESTADUAL;100001607070;40012;ESTEFANIO CASTRO;DEFERIDO;40;PSB;MASCULINO;BRANCA;N
MA;MARANHÃO;DEPUTADO ESTADUAL;100001689723;35333;CELSO SILVA;DEFERIDO;35;PMB;MASCULINO;PARDA;N
MA;MARANHÃO;DEPUTADO ESTADUAL;100001689731;35110;EMÍLIA BARROS;DEFERIDO;35;PMB;FEMININO;PARDA;N
MA;MARANHÃO;DEPUTADO FEDERAL;100001607041;2122;GATO FELIX;DEFERIDO;21;PCB;MASCULINO;PRETA;N
MA;MARANHÃO;DEPUTADO ESTADUAL;100001608093;11223;CATARINA BRASIL ;DEFERIDO;11;PP;FEMININO;PARDA;N
MA;MARANHÃO;DEPUTADO FEDERAL;100001600017;1600;SARGENTO GUIMARAES;DEFERIDO;16;PSTU;MASCULINO;PRETA;N
MA;MARANHÃO;DEPUTADO ESTADUAL;100001606629;15125;NEGO BOY;DEFERIDO;15;MDB;MASCULINO;PARDA;N
MA;MARANHÃO;DEPUTADO ESTADUAL;100001689550;36321;HULDA MARTINS;DEFERIDO;36;AGIR;FEMININO;PARDA;N
MA;MARANHÃO;DEPUTADO ESTADUAL;100001725385;50200;ARU SANFONEIRO;INDEFERIDO COM RECURSO;50;PSOL;MASCULINO;PRETA;N
MA;MARANHÃO;DEPUTADO FEDERAL;100001632855;3645;MINEIRO DA SUCATA;DEFERIDO;36;AGIR;MASCULINO;PRETA;N
MA;MARANHÃO;DEPUTADO FEDERAL;100001613715;4321;JOANA GUAJAJARA;DEFERIDO;43;PV;FEMININO;INDÍGENA;N
MA;MARANHÃO;DEPUTADO FEDERAL;100001614969;1923;SANNY MARA;DEFERIDO;19;PODE;FEMININO;PARDA;N
MA;MARANHÃO;DEPUTADO ESTADUAL;100001613723;13100;GENILSON ALVES ;DEFERIDO;13;PT;MASCULINO;PRETA;N
MA;MARANHÃO;DEPUTADO ESTADUAL;100001599555;90366;ANDRIELE VIEGAS;DEFERIDO;90;PROS;FEMININO;PARDA;N
MA;MARANHÃO;DEPUTADO ESTADUAL;100001614796;19789;ENOS COSTA FERREIRA;DEFERIDO;19;PODE;MASCULINO;BRANCA;N
MA;MARANHÃO;DEPUTADO ESTADUAL;100001606623;15015;PABLO DA SAÚDE-SOMOS MARANHÃO;DEFERIDO;15;MDB;MASCULINO;PARDA;N
MA;MARANHÃO;DEPUTADO FEDERAL;100001689790;7711;ADROALDO SANTOS;INDEFERIDO;77;SOLIDARIEDADE;MASCULINO;PARDA;N
MA;MARANHÃO;DEPUTADO ESTADUAL;100001614815;19456;LEANDRO BELLO;DEFERIDO;19;PODE;MASCULINO;BRANCA;N
MA;MARANHÃO;DEPUTADO ESTADUAL;100001607083;40200;LOURDINHA CUNHA;RENÚNCIA;40;PSB;FEMININO;PARDA;N
MA;MARANHÃO;DEPUTADO FEDERAL;100001599090;1513;WELLINGTON GOUVEIA;DEFERIDO;15;MDB;MASCULINO;PRETA;N
MA;MARANHÃO;DEPUTADO ESTADUAL;100001599589;12077;CLEONICE GONÇALVES;DEFERIDO;12;PDT;FEMININO;PARDA;N
MA;MARANHÃO;DEPUTADO ESTADUAL;100001608122;51555;COLETIVO PMBM TC CIRO;DEFERIDO;51;PATRIOTA;MASCULINO;PARDA;N
MA;MARANHÃO;DEPUTADO ESTADUAL;100001613750;13000;CREUZAMAR;DEFERIDO;13;PT;FEMININO;PRETA;N
MA;MARANHÃO;DEPUTADO FEDERAL;100001648830;1411;TIM MARCOS DINIZ;DEFERIDO;14;PTB;MASCULINO;BRANCA;N
MA;MARANHÃO;DEPUTADO FEDERAL;100001689785;7727;INGRYD DANIELLE;DEFERIDO;77;SOLIDARIEDADE;FEMININO;BRANCA;N
MA;MARANHÃO;DEPUTADO ESTADUAL;100001607101;55888;FAGNER SOUSA;DEFERIDO;55;PSD;MASCULINO;PARDA;N
MA;MARANHÃO;DEPUTADO FEDERAL;100001599600;9090;DANILO LIMA;DEFERIDO;90;PROS;MASCULINO;BRANCA;N
MA;MARANHÃO;DEPUTADO FEDERAL;100001639001;2712;NEILSON SOARES;DEFERIDO;27;DC;MASCULINO;PARDA;N
MA;MARANHÃO;DEPUTADO FEDERAL;100001614974;1911;CAROL NOLETO;DEFERIDO;19;PODE;FEMININO;BRANCA;N
MA;MARANHÃO;DEPUTADO ESTADUAL;100001620068;20016;TATA;INDEFERIDO;20;PSC;FEMININO;PARDA;N
MA;MARANHÃO;DEPUTADO ESTADUAL;100001613747;43333;ANTÔNIA CUTRIM;DEFERIDO;43;PV;FEMININO;PARDA;N
MA;MARANHÃO;DEPUTADO ESTADUAL;100001732839;55330;VÂNIA LIMA;DEFERIDO;55;PSD;FEMININO;PARDA;N
MA;MARANHÃO;2º SUPLENTE;100001607045;400;LOURDINHA;DEFERIDO;65;PC do B;FEMININO;BRANCA;N
MA;MARANHÃO;DEPUTADO ESTADUAL;100001725387;50555;MAGUINO CUTRIM;DEFERIDO;50;PSOL;MASCULINO;PARDA;N
MA;MARANHÃO;DEPUTADO FEDERAL;100001607054;4011;CLAYTON NOLETO;DEFERIDO;40;PSB;MASCULINO;PARDA;N
MA;MARANHÃO;DEPUTADO FEDERAL;100001614966;1919;FÁBIO MACEDO;DEFERIDO;19;PODE;MASCULINO;BRANCA;N
MA;MARANHÃO;DEPUTADO FEDERAL;100001713819;5081;MARIA LUCIMAR;DEFERIDO;50;PSOL;FEMININO;PRETA;N
MA;MARANHÃO;DEPUTADO ESTADUAL;100001648819;14145;JUCILEIDE GASPAR;DEFERIDO;14;PTB;FEMININO;PARDA;N
MA;MARANHÃO;DEPUTADO ESTADUAL;100001620077;20200;EDU ANDRADE;DEFERIDO;20;PSC;MASCULINO;BRANCA;N
MA;MARANHÃO;DEPUTADO FEDERAL;100001689782;7777;SAULO MENDOÇA COLETIVO SIM;DEFERIDO;77;SOLIDARIEDADE;MASCULINO;BRANCA;N
MA;MARANHÃO;DEPUTADO ESTADUAL;100001606625;15000;RICARDO ARRUDA;DEFERIDO;15;MDB;MASCULINO;BRANCA;N
MA;MARANHÃO;DEPUTADO FEDERAL;100001713825;1818;PROFESSORA SELMA CARVALHO;RENÚNCIA;18;REDE;FEMININO;BRANCA;N
MA;MARANHÃO;DEPUTADO ESTADUAL;100001689727;35123;DALVA MATOS;DEFERIDO;35;PMB;FEMININO;PARDA;N
MA;MARANHÃO;DEPUTADO ESTADUAL;100001689732;35444;JOEL BRITO;DEFERIDO;35;PMB;MASCULINO;BRANCA;N
MA;MARANHÃO;DEPUTADO ESTADUAL;100001606617;15222;BETEL GOMES;DEFERIDO;15;MDB;FEMININO;BRANCA;N
MA;MARANHÃO;DEPUTADO FEDERAL;100001601140;1211;LUCYANA GENESIO;DEFERIDO;12;PDT;FEMININO;PARDA;N
MA;MARANHÃO;DEPUTADO FEDERAL;100001599086;1523;PROFESSOR J SANTOS;RENÚNCIA;15;MDB;MASCULINO;PARDA;N
MA;MARANHÃO;DEPUTADO ESTADUAL;100001669455;19299;NAYARA BORGES;DEFERIDO;19;PODE;FEMININO;PRETA;N
MA;MARANHÃO;DEPUTADO FEDERAL;100001607052;4010;DUARTE;DEFERIDO;40;PSB;MASCULINO;PARDA;N
MA;MARANHÃO;DEPUTADO ESTADUAL;100001607121;55123;CÉSAR PIRES;DEFERIDO;55;PSD;MASCULINO;PARDA;S
MA;MARANHÃO;DEPUTADO ESTADUAL;100001619973;23444;PINGUIM DO POVO;DEFERIDO;23;CIDADANIA;MASCULINO;PRETA;N
MA;MARANHÃO;DEPUTADO FEDERAL;100001607048;4000;BIRA DO PINDARÉ;DEFERIDO;40;PSB;MASCULINO;PRETA;S
MA;MARANHÃO;DEPUTADO ESTADUAL;100001607065;40013;RAYLSON CARCARÁ;DEFERIDO;40;PSB;MASCULINO;BRANCA;N
MA;MARANHÃO;DEPUTADO FEDERAL;100001599089;1577;JOVANN S;DEFERIDO;15;MDB;MASCULINO;PARDA;N
MA;MARANHÃO;DEPUTADO FEDERAL;100001602262;5599;JUCIANE MARQUES;DEFERIDO;55;PSD;FEMININO;PRETA;N
MA;MARANHÃO;SENADOR;100001600010;161;SAULO ARCANGELI;DEFERIDO;16;PSTU;MASCULINO;BRANCA;N
MA;MARANHÃO;DEPUTADO FEDERAL;100001618102;2300;WESLEY SOUSA;DEFERIDO;23;CIDADANIA;MASCULINO;PARDA;N
MA;MARANHÃO;DEPUTADO ESTADUAL;100001607087;40000;ADELMO SOARES;DEFERIDO;40;PSB;MASCULINO;BRANCA;S
MA;MARANHÃO;DEPUTADO ESTADUAL;100001689717;35555;GUGU SEBA;DEFERIDO;35;PMB;MASCULINO;PARDA;N
MA;MARANHÃO;DEPUTADO FEDERAL;100001618113;2363;NOGUEIRA PROTETOR;DEFERIDO;23;CIDADANIA;MASCULINO;PARDA;N
MA;MARANHÃO;DEPUTADO FEDERAL;100001601144;1221;JACIMARA MACIEL;DEFERIDO;12;PDT;FEMININO;BRANCA;N
MA;MARANHÃO;DEPUTADO ESTADUAL;100001606630;15554;VACA CEGA;DEFERIDO;15;MDB;MASCULINO;PARDA;N
MA;MARANHÃO;DEPUTADO FEDERAL;100001613710;6524;FOCA;DEFERIDO;65;PC do B;MASCULINO;PARDA;N
MA;MARANHÃO;DEPUTADO FEDERAL;100001713827;5040;ANDREA JANE;DEFERIDO;50;PSOL;FEMININO;PARDA;N
MA;MARANHÃO;DEPUTADO ESTADUAL;100001689553;36700;JOABE RODRIGUES;DEFERIDO;36;AGIR;MASCULINO;PARDA;N
MA;MARANHÃO;DEPUTADO ESTADUAL;100001614811;19222;DENNISON SODRÉ;DEFERIDO;19;PODE;MASCULINO;BRANCA;N
MA;MARANHÃO;DEPUTADO ESTADUAL;100001620086;20234;IRMAO JUACY;DEFERIDO;20;PSC;MASCULINO;PARDA;N
MA;MARANHÃO;DEPUTADO FEDERAL;100001601134;1288;DANIEL BARROS;DEFERIDO;12;PDT;MASCULINO;BRANCA;N
MA;MARANHÃO;DEPUTADO FEDERAL;100001618110;2315;SAMARA BENICIO;DEFERIDO;23;CIDADANIA;FEMININO;PRETA;N
MA;MARANHÃO;DEPUTADO FEDERAL;100001615475;2003;MOISES MARQUES;DEFERIDO;20;PSC;MASCULINO;PARDA;N
MA;MARANHÃO;DEPUTADO ESTADUAL;100001713944;50050;PROF LEONEL;DEFERIDO;50;PSOL;MASCULINO;PARDA;N
MA;MARANHÃO;DEPUTADO ESTADUAL;100001607483;44222;CORONEL MARCELLO;DEFERIDO;44;UNIÃO;MASCULINO;PARDA;N
MA;MARANHÃO;DEPUTADO ESTADUAL;100001614802;19555;MARCIAL LIMA;DEFERIDO;19;PODE;MASCULINO;PARDA;N
MA;MARANHÃO;DEPUTADO ESTADUAL;100001675662;28555;LUCE COLETIVO MULHERES EM AÇÃO;DEFERIDO;28;PRTB;FEMININO;PARDA;N
MA;MARANHÃO;DEPUTADO ESTADUAL;100001619978;23033;BATALHA DO POVO;DEFERIDO;23;CIDADANIA;MASCULINO;PARDA;N
MA;MARANHÃO;DEPUTADO ESTADUAL;100001620071;20999;NETIM SAUDE COLETIVO AVANÇAR;DEFERIDO;20;PSC;MASCULINO;PARDA;N
MA;MARANHÃO;DEPUTADO FEDERAL;100001603103;2223;MARY DO MOJÓ;DEFERIDO;22;PL;FEMININO;BRANCA;N
MA;MARANHÃO;DEPUTADO FEDERAL;100001723261;7015;CRISALIS FONSECA;RENÚNCIA;70;AVANTE;FEMININO;BRANCA;N
MA;MARANHÃO;DEPUTADO FEDERAL;100001632851;3612;CLIDENOR GUIMARAES;DEFERIDO;36;AGIR;MASCULINO;PARDA;N
MA;MARANHÃO;DEPUTADO FEDERAL;100001607053;4040;HIGOR;DEFERIDO;40;PSB;MASCULINO;PARDA;N
MA;MARANHÃO;DEPUTADO ESTADUAL;100001689537;36112;AURÉLIO BACABAL;DEFERIDO;36;AGIR;MASCULINO;PARDA;N
MA;MARANHÃO;DEPUTADO ESTADUAL;100001608092;11777;SERGIO DELMIRO;DEFERIDO;11;PP;MASCULINO;PARDA;N
MA;MARANHÃO;DEPUTADO FEDERAL;100001638993;2766;JOÃO SOARES;DEFERIDO;27;DC;MASCULINO;PARDA;N
MA;MARANHÃO;DEPUTADO ESTADUAL;100001607487;44123;CHIQUINHO BRINGEL;DEFERIDO;44;UNIÃO;MASCULINO;PARDA;N
MA;MARANHÃO;DEPUTADO FEDERAL;100001632854;3635;MARLON MOURA;DEFERIDO;36;AGIR;MASCULINO;PARDA;N
MA;MARANHÃO;DEPUTADO ESTADUAL;100001608121;51000;GUILHERME PAZ;DEFERIDO;51;PATRIOTA;MASCULINO;PARDA;N
MA;MARANHÃO;DEPUTADO FEDERAL;100001608218;5113;SORAYA PEREIRA;DEFERIDO;51;PATRIOTA;FEMININO;BRANCA;N
MA;MARANHÃO;DEPUTADO ESTADUAL;100001723198;27055;GONZALES FILHO;DEFERIDO;27;DC;MASCULINO;BRANCA;N
MA;MARANHÃO;DEPUTADO FEDERAL;100001607051;4013;SÍLVIO BEMBEM;DEFERIDO;40;PSB;MASCULINO;PRETA;N
MA;MARANHÃO;DEPUTADO ESTADUAL;100001607088;40888;EDSON ARAUJO;DEFERIDO;40;PSB;MASCULINO;BRANCA;S
MA;MARANHÃO;DEPUTADO FEDERAL;100001602015;1010;CLEBER VERDE;DEFERIDO;10;REPUBLICANOS;MASCULINO;PARDA;S
MA;MARANHÃO;DEPUTADO ESTADUAL;100001689567;36600;NADSON DO OVO;DEFERIDO;36;AGIR;MASCULINO;PARDA;N
MA;MARANHÃO;DEPUTADO ESTADUAL;100001608099;11011;ENFERMEIRA ZILDA;DEFERIDO;11;PP;FEMININO;PARDA;N
MA;MARANHÃO;DEPUTADO ESTADUAL;100001607075;40369;DANIELZINHO DA FARMÁCIA;DEFERIDO;40;PSB;MASCULINO;BRANCA;N
MA;MARANHÃO;DEPUTADO FEDERAL;100001614975;1910;EDIMAR FRANCO;DEFERIDO;19;PODE;MASCULINO;BRANCA;N
MA;MARANHÃO;DEPUTADO ESTADUAL;100001689572;36987;NONALT MORAES;RENÚNCIA;36;AGIR;MASCULINO;PARDA;N
MA;MARANHÃO;DEPUTADO ESTADUAL;100001675664;28110;GRAÇA DINIZ;DEFERIDO;28;PRTB;FEMININO;PARDA;N
MA;MARANHÃO;DEPUTADO ESTADUAL;100001603153;22456;BEM-TI-VI ARAUJO;DEFERIDO;22;PL;MASCULINO;PARDA;N
MA;MARANHÃO;DEPUTADO FEDERAL;100001614973;1940;CAMILO FIGUEIREDO;DEFERIDO;19;PODE;MASCULINO;BRANCA;N
MA;MARANHÃO;2º SUPLENTE;100001600011;161;HERNANDO CUNHA;DEFERIDO;16;PSTU;MASCULINO;PRETA;N
MA;MARANHÃO;DEPUTADO ESTADUAL;100001620074;20022;DANIEL BRANDÃO;DEFERIDO;20;PSC;MASCULINO;PARDA;N
MA;MARANHÃO;DEPUTADO ESTADUAL;100001713956;18190;SARGENTO EDMILSON;DEFERIDO;18;REDE;MASCULINO;PARDA;N
MA;MARANHÃO;DEPUTADO FEDERAL;100001615473;2088;CLAUDIO FURTADO;DEFERIDO;20;PSC;MASCULINO;PARDA;N
MA;MARANHÃO;VICE-GOVERNADOR;100001713290;50;PEDRA CELESTINA;DEFERIDO;50;PSOL;FEMININO;PRETA;N
MA;MARANHÃO;DEPUTADO FEDERAL;100001608209;5190;CORONEL MEDEIROS;DEFERIDO;51;PATRIOTA;MASCULINO;BRANCA;N
MA;MARANHÃO;DEPUTADO ESTADUAL;100001614798;19223;PENALDINHO;DEFERIDO;19;PODE;MASCULINO;PARDA;N
MA;MARANHÃO;DEPUTADO FEDERAL;100001603099;2244;PASTOR GIL;DEFERIDO;22;PL;MASCULINO;PRETA;S
MA;MARANHÃO;DEPUTADO ESTADUAL;100001675682;28146;KARLYANE CÃMARA;DEFERIDO;28;PRTB;FEMININO;BRANCA;N
MA;MARANHÃO;DEPUTADO FEDERAL;100001600016;1616;PRETA LU;DEFERIDO;16;PSTU;FEMININO;PRETA;N
MA;MARANHÃO;DEPUTADO FEDERAL;100001639002;2728;JANSEN PENHA;DEFERIDO;27;DC;MASCULINO;PARDA;N
MA;MARANHÃO;DEPUTADO FEDERAL;100001731342;7707;MAURO MARANHÃO;INDEFERIDO COM RECURSO;77;SOLIDARIEDADE;MASCULINO;PARDA;N
MA;MARANHÃO;DEPUTADO ESTADUAL;100001713950;50150;CANTORA ALECIANE;DEFERIDO;50;PSOL;FEMININO;PRETA;N
MA;MARANHÃO;DEPUTADO ESTADUAL;100001607482;44456;DARIO SAMPAIO;DEFERIDO;44;UNIÃO;MASCULINO;BRANCA;N
MA;MARANHÃO;DEPUTADO ESTADUAL;100001603176;22777;ROSÂNGELA VIDAL;DEFERIDO;22;PL;FEMININO;BRANCA;N
MA;MARANHÃO;DEPUTADO ESTADUAL;100001608120;51321;MAGAL COLETIVO ZONA RURAL;DEFERIDO;51;PATRIOTA;MASCULINO;PARDA;N
MA;MARANHÃO;DEPUTADO ESTADUAL;100001607062;40999;BRUNO NUTRICIONISTA;INDEFERIDO;40;PSB;MASCULINO;BRANCA;N
MA;MARANHÃO;DEPUTADO ESTADUAL;100001599578;12022;DANILO;DEFERIDO;12;PDT;MASCULINO;PARDA;N
MA;MARANHÃO;1º SUPLENTE;100001600012;161;WAGNER SILVA;DEFERIDO;16;PSTU;MASCULINO;PRETA;N
MA;MARANHÃO;DEPUTADO FEDERAL;100001610034;3040;ISMITIANY REZENDE;DEFERIDO;30;NOVO;FEMININO;BRANCA;N
MA;MARANHÃO;DEPUTADO FEDERAL;100001599075;1533;PETER AXL;DEFERIDO;15;MDB;MASCULINO;PARDA;N
MA;MARANHÃO;DEPUTADO ESTADUAL;100001723197;27032;RIBA DA PALMEIRA;DEFERIDO;27;DC;MASCULINO;PARDA;N
MA;MARANHÃO;DEPUTADO FEDERAL;100001713828;5007;ELIETE SOARES;RENÚNCIA;50;PSOL;FEMININO;BRANCA;N
MA;MARANHÃO;DEPUTADO FEDERAL;100001713831;5002;VIEIRA;DEFERIDO;50;PSOL;MASCULINO;BRANCA;N
MA;MARANHÃO;DEPUTADO ESTADUAL;100001675688;28016;XOCOLATE;INDEFERIDO;28;PRTB;MASCULINO;PRETA;N
MA;MARANHÃO;DEPUTADO ESTADUAL;100001620072;20123;WELLINGTON DO CURSO;DEFERIDO;20;PSC;MASCULINO;PARDA;N
MA;MARANHÃO;DEPUTADO ESTADUAL;100001599562;90125;RAQUEL DO VALE ;DEFERIDO;90;PROS;FEMININO;PARDA;N
MA;MARANHÃO;DEPUTADO ESTADUAL;100001607102;55777;JOSUE DIAS;DEFERIDO;55;PSD;MASCULINO;PRETA;N
MA;MARANHÃO;DEPUTADO FEDERAL;100001602270;5522;PASTOR CAVALCANTE;DEFERIDO;55;PSD;MASCULINO;PARDA;N
MA;MARANHÃO;DEPUTADO ESTADUAL;100001689575;36007;JOHN SERVULO;DEFERIDO;36;AGIR;MASCULINO;PARDA;N
MA;MARANHÃO;DEPUTADO ESTADUAL;100001607080;40240;MILTINHO ARAGÃO;DEFERIDO;40;PSB;MASCULINO;BRANCA;N
MA;MARANHÃO;DEPUTADO FEDERAL;100001603113;2288;BRENDA CARVALHO ;DEFERIDO;22;PL;FEMININO;PARDA;N
MA;MARANHÃO;DEPUTADO ESTADUAL;100001614803;19111;RAYMARA LIMA;DEFERIDO;19;PODE;FEMININO;PARDA;N
MA;MARANHÃO;DEPUTADO ESTADUAL;100001725391;50453;SAMUEL EVANGELISTA;DEFERIDO;50;PSOL;MASCULINO;BRANCA;N
MA;MARANHÃO;DEPUTADO ESTADUAL;100001675687;28789;JULIANO SOARES;DEFERIDO;28;PRTB;MASCULINO;PARDA;N
MA;MARANHÃO;DEPUTADO ESTADUAL;100001602646;10123;JUNIOR VERDE ;DEFERIDO;10;REPUBLICANOS;MASCULINO;PARDA;N
MA;MARANHÃO;DEPUTADO ESTADUAL;100001603164;22333;CANETA AZUL;DEFERIDO;22;PL;MASCULINO;PARDA;N
MA;MARANHÃO;DEPUTADO ESTADUAL;100001620080;20357;SARG SOUSA MARANHÃO;DEFERIDO;20;PSC;MASCULINO;PARDA;N
MA;MARANHÃO;DEPUTADO ESTADUAL;100001608133;51001;ADRIANO VAZ;DEFERIDO;51;PATRIOTA;MASCULINO;PARDA;N
MA;MARANHÃO;DEPUTADO ESTADUAL;100001689576;36456;AGNALDO ALVORADA;DEFERIDO;36;AGIR;MASCULINO;PARDA;N
MA;MARANHÃO;DEPUTADO FEDERAL;100001613716;4300;HENRIQUE TELES;RENÚNCIA;43;PV;MASCULINO;PRETA;N
MA;MARANHÃO;1º SUPLENTE;100001607044;400;ANA PAULA LOBATO;DEFERIDO;40;PSB;FEMININO;PARDA;N
MA;MARANHÃO;DEPUTADO ESTADUAL;100001607078;40140;CARLOS PEIXEIRO;DEFERIDO;40;PSB;MASCULINO;PARDA;N
MA;MARANHÃO;DEPUTADO FEDERAL;100001638995;2741;JODSON SANTOS;DEFERIDO;27;DC;MASCULINO;PARDA;N
MA;MARANHÃO;DEPUTADO ESTADUAL;100001602648;10456;RENAN WAYNNE - FILHO DA TERRA;DEFERIDO;10;REPUBLICANOS;MASCULINO;PRETA;N
MA;MARANHÃO;DEPUTADO ESTADUAL;100001607085;40400;FRANCISCO NAGIB;DEFERIDO;40;PSB;MASCULINO;BRANCA;N
MA;MARANHÃO;DEPUTADO ESTADUAL;100001675666;28000;CAPELÃO RAFAEL;DEFERIDO;28;PRTB;MASCULINO;PARDA;N
MA;MARANHÃO;DEPUTADO ESTADUAL;100001607489;44369;KESSIA NICOLLE;DEFERIDO;44;UNIÃO;FEMININO;PRETA;N
MA;MARANHÃO;DEPUTADO FEDERAL;100001599073;1511;DR ALAIR;DEFERIDO;15;MDB;MASCULINO;BRANCA;N
MA;MARANHÃO;DEPUTADO ESTADUAL;100001607112;55444;MAURA BARROSO;DEFERIDO;55;PSD;FEMININO;BRANCA;N
MA;MARANHÃO;DEPUTADO ESTADUAL;100001732263;23002;CLEOR SANTOS;DEFERIDO;23;CIDADANIA;FEMININO;PARDA;N
MA;MARANHÃO;DEPUTADO ESTADUAL;100001607485;44444;HILÁRIO NETO;DEFERIDO;44;UNIÃO;MASCULINO;PARDA;N
MA;MARANHÃO;DEPUTADO FEDERAL;100001602272;5555;PAULO FACUNDO;DEFERIDO;55;PSD;MASCULINO;BRANCA;N
MA;MARANHÃO;DEPUTADO ESTADUAL;100001614804;19130;BAIANO DO PARQUE JAIR;DEFERIDO;19;PODE;MASCULINO;PRETA;N
MA;MARANHÃO;DEPUTADO ESTADUAL;100001713957;50113;CHICO DA COHAB;DEFERIDO;50;PSOL;MASCULINO;PRETA;N
MA;MARANHÃO;DEPUTADO FEDERAL;100001632859;3653;ESTELMO DA ALPHAVILLE;DEFERIDO;36;AGIR;MASCULINO;PARDA;N
MA;MARANHÃO;DEPUTADO ESTADUAL;100001606611;15115;NEBE TERRA;DEFERIDO;15;MDB;MASCULINO;PARDA;N
MA;MARANHÃO;DEPUTADO FEDERAL;100001718928;1951;PROF. FAFÁ;INDEFERIDO COM RECURSO;19;PODE;FEMININO;PARDA;N
MA;MARANHÃO;DEPUTADO ESTADUAL;100001725366;50070;PRISCILA DO COLETIVO ANDIROBAL;DEFERIDO;50;PSOL;FEMININO;PRETA;N
MA;MARANHÃO;DEPUTADO FEDERAL;100001632852;3606;FRANK NIGTH;INDEFERIDO COM RECURSO;36;AGIR;MASCULINO;PARDA;N
MA;MARANHÃO;DEPUTADO FEDERAL;100001600015;1607;TOURIN;DEFERIDO;16;PSTU;MASCULINO;PARDA;N
MA;MARANHÃO;DEPUTADO FEDERAL;100001602268;5556;PROF CLEBER MEIRELES;DEFERIDO;55;PSD;MASCULINO;PARDA;N
MA;MARANHÃO;DEPUTADO FEDERAL;100001689788;7780;JOSIVALDO JK;DEFERIDO;77;SOLIDARIEDADE;MASCULINO;PRETA;N
MA;MARANHÃO;DEPUTADO FEDERAL;100001602263;5500;OLÍVIA OLIVEIRA;DEFERIDO;55;PSD;FEMININO;PARDA;N
MA;MARANHÃO;DEPUTADO FEDERAL;100001602274;5523;BACELAR;DEFERIDO;55;PSD;MASCULINO;PARDA;N
MA;MARANHÃO;VICE-GOVERNADOR;100001604434;55;PROFESSORA ANDREA HERINGER;DEFERIDO;55;PSD;FEMININO;BRANCA;N
MA;MARANHÃO;DEPUTADO ESTADUAL;100001599582;12012;OSMAR FILHO;DEFERIDO;12;PDT;MASCULINO;PARDA;N
MA;MARANHÃO;DEPUTADO ESTADUAL;100001732267;23500;SUELLEN ALMEIDA;DEFERIDO;23;CIDADANIA;FEMININO;PRETA;N
MA;MARANHÃO;DEPUTADO ESTADUAL;100001599545;90444;DR JOÃO PAVÃO JUNIOR;DEFERIDO;90;PROS;MASCULINO;PARDA;N
MA;MARANHÃO;VICE-GOVERNADOR;100001605314;21;ZÉ JK;DEFERIDO;21;PCB;MASCULINO;PRETA;N
MA;MARANHÃO;DEPUTADO FEDERAL;100001608082;1125;ANTONIA SOARES;DEFERIDO;11;PP;FEMININO;PARDA;N
MA;MARANHÃO;DEPUTADO FEDERAL;100001602010;1000;GIL CUTRIM;DEFERIDO;10;REPUBLICANOS;MASCULINO;BRANCA;S
MA;MARANHÃO;DEPUTADO ESTADUAL;100001689554;36606;IRMÃO JOCENILSON;DEFERIDO;36;AGIR;MASCULINO;PARDA;N
MA;MARANHÃO;DEPUTADO ESTADUAL;100001723204;27232;LUCIA CANTANHEDE;DEFERIDO;27;DC;FEMININO;BRANCA;N
MA;MARANHÃO;DEPUTADO ESTADUAL;100001723205;27487;CARLOS QUILOMBOLA;DEFERIDO;27;DC;MASCULINO;PRETA;N
MA;MARANHÃO;DEPUTADO FEDERAL;100001610557;4433;RÔMULO AUGUSTO;DEFERIDO;44;UNIÃO;MASCULINO;PARDA;N
MA;MARANHÃO;DEPUTADO ESTADUAL;100001603151;22888;NETO CARDOSO;DEFERIDO;22;PL;MASCULINO;BRANCA;N
MA;MARANHÃO;DEPUTADO ESTADUAL;100001603172;22522;PASTOR ANDRE;DEFERIDO;22;PL;MASCULINO;PARDA;N
MA;MARANHÃO;DEPUTADO ESTADUAL;100001607118;55800;ERIC COSTA;DEFERIDO;55;PSD;MASCULINO;PARDA;N
MA;MARANHÃO;DEPUTADO FEDERAL;100001648832;1400;ARIMATEA VIEGAS;RENÚNCIA;14;PTB;MASCULINO;BRANCA;N
MA;MARANHÃO;DEPUTADO ESTADUAL;100001603184;22201;SERGIO NOGUEIRA;DEFERIDO;22;PL;MASCULINO;PARDA;N
MA;MARANHÃO;DEPUTADO FEDERAL;100001610550;4488;PAULYNA COSTA;DEFERIDO;44;UNIÃO;FEMININO;BRANCA;N
MA;MARANHÃO;DEPUTADO ESTADUAL;100001599573;12123;GLALBERT CUTRIM ;DEFERIDO;12;PDT;MASCULINO;BRANCA;S
MA;MARANHÃO;DEPUTADO FEDERAL;100001613703;1303;TÁSSIA CAMPOS;DEFERIDO;13;PT;FEMININO;PARDA;N
MA;MARANHÃO;DEPUTADO ESTADUAL;100001713947;50033;MYKAL;DEFERIDO;50;PSOL;FEMININO;BRANCA;N
MA;MARANHÃO;DEPUTADO ESTADUAL;100001619958;45045;MOCINHO DE PACAS;DEFERIDO;45;PSDB;MASCULINO;PARDA;N
MA;MARANHÃO;DEPUTADO FEDERAL;100001648826;1414;PASTOR ANTÔNIO CICERO;INDEFERIDO COM RECURSO;14;PTB;MASCULINO;PARDA;N
MA;MARANHÃO;DEPUTADO FEDERAL;100001638996;2744;SHEILA CALAFELL;DEFERIDO;27;DC;FEMININO;PARDA;N
MA;MARANHÃO;DEPUTADO FEDERAL;100001608216;5110;SAMUEL SANTOS;DEFERIDO;51;PATRIOTA;MASCULINO;BRANCA;N
MA;MARANHÃO;DEPUTADO FEDERAL;100001607057;4033;ARUILTON PAZ;DEFERIDO;40;PSB;MASCULINO;PARDA;N
MA;MARANHÃO;DEPUTADO FEDERAL;100001638988;2701;ADENILSON LOPES;DEFERIDO;27;DC;MASCULINO;PARDA;N
MA;MARANHÃO;DEPUTADO ESTADUAL;100001713959;50123;GEOVANE LIMA;DEFERIDO;50;PSOL;MASCULINO;PRETA;N
MA;MARANHÃO;DEPUTADO ESTADUAL;100001603167;22555;CLAUDIO CUNHA;DEFERIDO;22;PL;MASCULINO;PARDA;N
MA;MARANHÃO;DEPUTADO FEDERAL;100001614965;1901;BRUNA THALYTA;DEFERIDO;19;PODE;FEMININO;BRANCA;N
MA;MARANHÃO;DEPUTADO FEDERAL;100001610543;4455;CORONEL EGIDIO;DEFERIDO;44;UNIÃO;MASCULINO;PARDA;N
MA;MARANHÃO;DEPUTADO FEDERAL;100001599072;1520;ADRIANO DRZÃO;DEFERIDO;15;MDB;MASCULINO;BRANCA;N
MA;MARANHÃO;DEPUTADO ESTADUAL;100001725944;35609;PROF. BERNARDETE;DEFERIDO;35;PMB;FEMININO;PRETA;N
MA;MARANHÃO;DEPUTADO FEDERAL;100001608205;5100;JARDEL BOMJARDIM;DEFERIDO;51;PATRIOTA;MASCULINO;PARDA;N
MA;MARANHÃO;DEPUTADO ESTADUAL;100001606615;15266;MANOEL RIBEIRO;DEFERIDO;15;MDB;MASCULINO;BRANCA;N
MA;MARANHÃO;DEPUTADO ESTADUAL;100001607108;55678;ROSÂNGELA AZEVEDO;DEFERIDO;55;PSD;FEMININO;PRETA;N
MA;MARANHÃO;GOVERNADOR;100001599612;12;WEVERTON;DEFERIDO;12;PDT;MASCULINO;PRETA;N
MA;MARANHÃO;DEPUTADO FEDERAL;100001603108;2221;CHICÃO DOS TECLADOS;DEFERIDO;22;PL;MASCULINO;PARDA;N
MA;MARANHÃO;DEPUTADO ESTADUAL;100001613731;43222;CESINHA DO EGITO;DEFERIDO;43;PV;MASCULINO;PARDA;N
MA;MARANHÃO;DEPUTADO FEDERAL;100001632863;3671;SARAH MENDES;DEFERIDO;36;AGIR;FEMININO;PARDA;N
MA;MARANHÃO;DEPUTADO ESTADUAL;100001608112;51022;FABIANA RAMADA;DEFERIDO;51;PATRIOTA;FEMININO;PARDA;N
MA;MARANHÃO;DEPUTADO ESTADUAL;100001603160;22700;FABIO LISBOA;DEFERIDO;22;PL;MASCULINO;PARDA;N
MA;MARANHÃO;DEPUTADO ESTADUAL;100001599540;90789;FERNANDO IPIRANGA;DEFERIDO;90;PROS;MASCULINO;PARDA;N
MA;MARANHÃO;DEPUTADO ESTADUAL;100001606624;15742;RAIMUNDINHA DO POVO;DEFERIDO;15;MDB;FEMININO;PARDA;N
MA;MARANHÃO;DEPUTADO ESTADUAL;100001636777;90133;ZÉ GENESIO;INDEFERIDO COM RECURSO;90;PROS;MASCULINO;BRANCA;N
MA;MARANHÃO;DEPUTADO FEDERAL;100001613712;1311;MONTEIRO;DEFERIDO;13;PT;MASCULINO;PARDA;N
MA;MARANHÃO;DEPUTADO FEDERAL;100001613702;1347;PEDRO AMENGOL;DEFERIDO;13;PT;MASCULINO;PRETA;N
MA;MARANHÃO;DEPUTADO ESTADUAL;100001723207;27890;AIRTON MELO;DEFERIDO;27;DC;MASCULINO;PARDA;N
MA;MARANHÃO;DEPUTADO ESTADUAL;100001620088;20246;BALBINA;DEFERIDO;20;PSC;FEMININO;PRETA;N
MA;MARANHÃO;DEPUTADO FEDERAL;100001608066;1113;VALERIA LAUANDDY;DEFERIDO;11;PP;FEMININO;PARDA;N
MA;MARANHÃO;DEPUTADO ESTADUAL;100001619957;23000;FABRIZIO CORREA;DEFERIDO;23;CIDADANIA;MASCULINO;PARDA;N
MA;MARANHÃO;DEPUTADO ESTADUAL;100001599576;12300;CHICO LEITOA;RENÚNCIA;12;PDT;MASCULINO;BRANCA;N
MA;MARANHÃO;DEPUTADO ESTADUAL;100001603159;22444;SUB TENENTE FABIANO;INDEFERIDO COM RECURSO;22;PL;MASCULINO;PARDA;N
MA;MARANHÃO;DEPUTADO FEDERAL;100001599596;9001;NONATO BALECO;INDEFERIDO COM RECURSO;90;PROS;MASCULINO;PARDA;N
MA;MARANHÃO;DEPUTADO ESTADUAL;100001599561;90200;COMANDANTE ALCI MÁRIO;INDEFERIDO COM RECURSO;90;PROS;MASCULINO;PARDA;N
MA;MARANHÃO;DEPUTADO ESTADUAL;100001602653;10789;JANAINA RAMOS;DEFERIDO;10;REPUBLICANOS;FEMININO;BRANCA;N
MA;MARANHÃO;DEPUTADO FEDERAL;100001689781;7722;DR. JAIROMAR;RENÚNCIA;77;SOLIDARIEDADE;MASCULINO;PARDA;N
MA;MARANHÃO;DEPUTADO FEDERAL;100001608202;5112;EVELLYN VET;DEFERIDO;51;PATRIOTA;FEMININO;PARDA;N
MA;MARANHÃO;DEPUTADO ESTADUAL;100001620070;20444;ALEX VASCONCELOS;DEFERIDO;20;PSC;MASCULINO;PARDA;N
MA;MARANHÃO;DEPUTADO ESTADUAL;100001620100;20888;NETO DA OFICINA;DEFERIDO;20;PSC;MASCULINO;PARDA;N
MA;MARANHÃO;DEPUTADO ESTADUAL;100001599543;90033;INALDO DO GÁS;INDEFERIDO;90;PROS;MASCULINO;PARDA;N
MA;MARANHÃO;DEPUTADO ESTADUAL;100001619952;45527;ARLETE MOREIRA LIMA;DEFERIDO;45;PSDB;FEMININO;PRETA;N
MA;MARANHÃO;DEPUTADO FEDERAL;100001723259;7026;ANA CLÁUDIA;DEFERIDO;70;AVANTE;FEMININO;PARDA;N
MA;MARANHÃO;DEPUTADO ESTADUAL;100001613754;65180;LUCAS DO COLETIVO OCUPA;DEFERIDO;65;PC do B;MASCULINO;PARDA;N
MA;MARANHÃO;DEPUTADO ESTADUAL;100001723193;27321;PROFESSOR CHARLES;INDEFERIDO;27;DC;MASCULINO;PARDA;N
MA;MARANHÃO;DEPUTADO ESTADUAL;100001675685;28321;ASSUNÇÃO COLETIVO BRIG FALCÃO;DEFERIDO;28;PRTB;MASCULINO;PRETA;N
MA;MARANHÃO;DEPUTADO ESTADUAL;100001608097;11444;JUNIOR FRANÇA;DEFERIDO;11;PP;MASCULINO;PARDA;N
MA;MARANHÃO;DEPUTADO ESTADUAL;100001602645;10222;CEL DIÓGENES AZEVEDO;DEFERIDO;10;REPUBLICANOS;MASCULINO;PARDA;N
MA;MARANHÃO;DEPUTADO ESTADUAL;100001607073;40789;CARLOS LULA;DEFERIDO;40;PSB;MASCULINO;PARDA;N
MA;MARANHÃO;DEPUTADO ESTADUAL;100001614812;19755;IVALDO RICCI;DEFERIDO;19;PODE;MASCULINO;BRANCA;N
MA;MARANHÃO;DEPUTADO FEDERAL;100001603107;2256;PROFESSORA LEONILDE CHAVES;DEFERIDO;22;PL;FEMININO;PARDA;N
MA;MARANHÃO;DEPUTADO ESTADUAL;100001599556;90013;BOSQUINHO;DEFERIDO;90;PROS;MASCULINO;PARDA;N
MA;MARANHÃO;DEPUTADO ESTADUAL;100001607099;55555;DR ELIAS HOLANDA;DEFERIDO;55;PSD;MASCULINO;BRANCA;N
MA;MARANHÃO;DEPUTADO ESTADUAL;100001602652;10333;OSEAS DE PAULA ;DEFERIDO;10;REPUBLICANOS;MASCULINO;PARDA;N
MA;MARANHÃO;DEPUTADO ESTADUAL;100001725386;50251;HAROLDO PEREIRA;DEFERIDO;50;PSOL;MASCULINO;PRETA;N
MA;MARANHÃO;DEPUTADO ESTADUAL;100001723202;27017;SOEIRO;DEFERIDO;27;DC;MASCULINO;PRETA;N
MA;MARANHÃO;DEPUTADO FEDERAL;100001599602;9099;PACA;DEFERIDO;90;PROS;MASCULINO;PARDA;N
MA;MARANHÃO;DEPUTADO ESTADUAL;100001619969;23001;LUIS CARLOS CIDADANIA COLETIVA;DEFERIDO;23;CIDADANIA;MASCULINO;BRANCA;N
MA;MARANHÃO;DEPUTADO FEDERAL;100001608206;5177;LEANDRO SOUSA;DEFERIDO;51;PATRIOTA;MASCULINO;PARDA;N
MA;MARANHÃO;DEPUTADO FEDERAL;100001724679;5545;COLETIVO UNIDOS SOCIAL KESIA;DEFERIDO;55;PSD;FEMININO;PARDA;N
MA;MARANHÃO;DEPUTADO FEDERAL;100001602261;5533;EDILÁZIO JÚNIOR;DEFERIDO;55;PSD;MASCULINO;PARDA;S
MA;MARANHÃO;DEPUTADO ESTADUAL;100001602655;10147;THITO FABIO;INDEFERIDO COM RECURSO;10;REPUBLICANOS;MASCULINO;PARDA;N
MA;MARANHÃO;DEPUTADO FEDERAL;100001632862;3600;LAIONES NASCIMENTO;DEFERIDO;36;AGIR;MASCULINO;BRANCA;N
MA;MARANHÃO;DEPUTADO ESTADUAL;100001613734;13555;MARINA CABELEREIRA;DEFERIDO;13;PT;FEMININO;PARDA;N
MA;MARANHÃO;DEPUTADO ESTADUAL;100001713941;50461;IARLISSON SILVA;DEFERIDO;50;PSOL;MASCULINO;PARDA;N
MA;MARANHÃO;DEPUTADO ESTADUAL;100001603180;22544;PASTOR PASCOAL CEDRAZ;DEFERIDO;22;PL;MASCULINO;PARDA;N
MA;MARANHÃO;DEPUTADO ESTADUAL;100001725395;50456;SILVANETE REI DO GADO;DEFERIDO;50;PSOL;FEMININO;PARDA;N
MA;MARANHÃO;DEPUTADO FEDERAL;100001618101;2323;ELIEL GAMA;DEFERIDO;23;CIDADANIA;MASCULINO;PARDA;N
MA;MARANHÃO;DEPUTADO FEDERAL;100001607059;4044;CONCEIÇÃO MARQUES;DEFERIDO;40;PSB;FEMININO;PRETA;N
MA;MARANHÃO;DEPUTADO FEDERAL;100001713834;5011;ADONIAS CAVALCANTE;DEFERIDO;50;PSOL;MASCULINO;BRANCA;N
MA;MARANHÃO;DEPUTADO FEDERAL;100001723258;7007;ANALAMACIA BRITO;DEFERIDO;70;AVANTE;FEMININO;PRETA;N
MA;MARANHÃO;DEPUTADO ESTADUAL;100001608086;11123;FABIO BRAGA;DEFERIDO;11;PP;MASCULINO;BRANCA;S
MA;MARANHÃO;DEPUTADO FEDERAL;100001614979;1945;SÉRGIO FROTA;DEFERIDO COM RECURSO;19;PODE;MASCULINO;BRANCA;N
MA;MARANHÃO;DEPUTADO FEDERAL;100001602271;5544;VALDENIR GOMES;DEFERIDO;55;PSD;MASCULINO;BRANCA;N
