SG_UF;NM_UE;DS_CARGO;SQ_CANDIDATO;NR_CANDIDATO;NM_URNA_CANDIDATO;DS_DETALHE_SITUACAO_CAND;DS_GENERO;DS_COR_RACA;ST_REELEICAO
MS;MATO GROSSO DO SUL;DEPUTADO ESTADUAL;120001609586;44666;ANTONIO ARAMONI;DEFERIDO;MASCULINO;PARDA;N
MS;MATO GROSSO DO SUL;DEPUTADO ESTADUAL;120001645381;11022;SARGENTO VIANA;DEFERIDO;MASCULINO;BRANCA;N
MS;MATO GROSSO DO SUL;VICE-GOVERNADOR;120001606194;50;ILMO CANDIDO DE OLIVEIRA;DEFERIDO;MASCULINO;BRANCA;N
MS;MATO GROSSO DO SUL;SENADOR;120001609096;444;MANDETTA;DEFERIDO;MASCULINO;BRANCA;N
MS;MATO GROSSO DO SUL;DEPUTADO ESTADUAL;120001615768;19111;CORONEL GAUTO;DEFERIDO;MASCULINO;PARDA;N
MS;MATO GROSSO DO SUL;DEPUTADO ESTADUAL;120001645383;11123;LONDRES MACHADO;DEFERIDO;MASCULINO;BRANCA;S
MS;MATO GROSSO DO SUL;DEPUTADO FEDERAL;120001718590;9064;CAPITÃO AIRTON;DEFERIDO;MASCULINO;PRETA;N
MS;MATO GROSSO DO SUL;DEPUTADO FEDERAL;120001675472;1477;DR ERNEY BARBOSA;INDEFERIDO COM RECURSO;MASCULINO;BRANCA;N
MS;MATO GROSSO DO SUL;DEPUTADO FEDERAL;120001615738;2727;WANDERLEIA FERREIRA;DEFERIDO;FEMININO;BRANCA;N
MS;MATO GROSSO DO SUL;DEPUTADO FEDERAL;120001652595;1331;VANDER LOUBET;DEFERIDO;MASCULINO;BRANCA;S
MS;MATO GROSSO DO SUL;DEPUTADO ESTADUAL;120001648881;90123;LUCIANO KERSTING GUGU;INDEFERIDO;NÃO DIVULGÁVEL;NÃO DIVULGÁVEL;Não divulgável
MS;MATO GROSSO DO SUL;DEPUTADO ESTADUAL;120001651179;51888;LU MARTINS;DEFERIDO;FEMININO;PARDA;N
MS;MATO GROSSO DO SUL;DEPUTADO ESTADUAL;120001597643;18333;EZEQUIAS ASSIS;DEFERIDO;MASCULINO;PARDA;N
MS;MATO GROSSO DO SUL;DEPUTADO ESTADUAL;120001615779;19800;MAURICIO CORRÊA;DEFERIDO;MASCULINO;PARDA;N
MS;MATO GROSSO DO SUL;DEPUTADO ESTADUAL;120001648882;90000;CLAYTON SIQUEIRA;RENÚNCIA;NÃO DIVULGÁVEL;NÃO DIVULGÁVEL;Não divulgável
MS;MATO GROSSO DO SUL;DEPUTADO ESTADUAL;120001646499;28026;MARILZA BARCELOS;DEFERIDO;FEMININO;PARDA;N
MS;MATO GROSSO DO SUL;DEPUTADO ESTADUAL;120001597624;50367;VALERIA-COLETIVO DE MULHERES ;DEFERIDO;FEMININO;PRETA;N
MS;MATO GROSSO DO SUL;DEPUTADO ESTADUAL;120001613594;45463;LUIZ CARLOS;DEFERIDO;MASCULINO;PARDA;N
MS;MATO GROSSO DO SUL;DEPUTADO ESTADUAL;120001615765;19999;NINHO;DEFERIDO;MASCULINO;PARDA;N
MS;MATO GROSSO DO SUL;GOVERNADOR;120001714229;28;CAPITÃO CONTAR;DEFERIDO;MASCULINO;BRANCA;N
MS;MATO GROSSO DO SUL;DEPUTADO ESTADUAL;120001614730;22777;DAVI RIBEIRO;DEFERIDO;MASCULINO;BRANCA;N
MS;MATO GROSSO DO SUL;DEPUTADO ESTADUAL;120001615138;10717;ANDERSON GUIA;DEFERIDO;MASCULINO;BRANCA;N
MS;MATO GROSSO DO SUL;DEPUTADO ESTADUAL;120001651183;51067;THULIO MAX;DEFERIDO;MASCULINO;BRANCA;N
MS;MATO GROSSO DO SUL;SENADOR;120001651640;111;TEREZA CRISTINA;DEFERIDO;FEMININO;BRANCA;N
MS;MATO GROSSO DO SUL;DEPUTADO FEDERAL;120001614255;2244;DELEGADO WELLINGTON;DEFERIDO;MASCULINO;PARDA;N
MS;MATO GROSSO DO SUL;DEPUTADO ESTADUAL;120001606651;12911;PAULO RIBEIRO DA SWAT;DEFERIDO;MASCULINO;PRETA;N
MS;MATO GROSSO DO SUL;DEPUTADO ESTADUAL;120001643165;15144;GENERAL ADALBERTO MUNIZ;DEFERIDO;MASCULINO;PARDA;N
MS;MATO GROSSO DO SUL;SENADOR;120001596896;500;ANIZIO TOCCHIO;DEFERIDO;MASCULINO;BRANCA;N
MS;MATO GROSSO DO SUL;DEPUTADO ESTADUAL;120001650945;55555;PROFESSORA ELZA FERNANDES;DEFERIDO;FEMININO;PARDA;N
MS;MATO GROSSO DO SUL;DEPUTADO ESTADUAL;120001606660;12067;JEAN FERREIRA;DEFERIDO;MASCULINO;BRANCA;N
MS;MATO GROSSO DO SUL;DEPUTADO ESTADUAL;120001728627;11100;PEDRO MESSIAS;DEFERIDO;MASCULINO;BRANCA;N
MS;MATO GROSSO DO SUL;DEPUTADO FEDERAL;120001600670;7777;DENIS PEREIRA;DEFERIDO;MASCULINO;PARDA;N
MS;MATO GROSSO DO SUL;DEPUTADO FEDERAL;120001636652;1555;CARLOS BERNARDO;INDEFERIDO COM RECURSO;MASCULINO;PARDA;N
MS;MATO GROSSO DO SUL;DEPUTADO ESTADUAL;120001609597;44022;DAVID VINCENSI;DEFERIDO;MASCULINO;BRANCA;N
MS;MATO GROSSO DO SUL;2º SUPLENTE;120001651638;111;PAULO SALOMÃO;DEFERIDO;MASCULINO;BRANCA;N
MS;MATO GROSSO DO SUL;DEPUTADO ESTADUAL;120001650949;55789;ROGÉRIO ROHR;DEFERIDO;MASCULINO;BRANCA;N
MS;MATO GROSSO DO SUL;GOVERNADOR;120001646278;15;ANDRÉ PUCCINELLI;DEFERIDO;MASCULINO;BRANCA;N
MS;MATO GROSSO DO SUL;DEPUTADO ESTADUAL;120001672856;70456;JU DO JD. PANTANAL;DEFERIDO;FEMININO;BRANCA;N
MS;MATO GROSSO DO SUL;DEPUTADO ESTADUAL;120001717695;90033;EMMILIM BLACK;DEFERIDO;FEMININO;PRETA;N
MS;MATO GROSSO DO SUL;DEPUTADO ESTADUAL;120001613602;45888;FERNANDO NANTES;DEFERIDO;MASCULINO;PARDA;N
MS;MATO GROSSO DO SUL;DEPUTADO FEDERAL;120001649121;9077;EDSON FIDELIS;RENÚNCIA;NÃO DIVULGÁVEL;NÃO DIVULGÁVEL;Não divulgável
MS;MATO GROSSO DO SUL;DEPUTADO ESTADUAL;120001613591;45321;MARINHO DA ACOMAC;DEFERIDO;MASCULINO;BRANCA;N
MS;MATO GROSSO DO SUL;DEPUTADO ESTADUAL;120001651381;14128;PAULO CESAR O NOVO;DEFERIDO;MASCULINO;PARDA;N
MS;MATO GROSSO DO SUL;DEPUTADO ESTADUAL;120001598650;40190;CORONEL ROGÉRIO;DEFERIDO;MASCULINO;BRANCA;N
MS;MATO GROSSO DO SUL;DEPUTADO ESTADUAL;120001612042;36147;TERRINHA DA GARAGEM ;DEFERIDO;MASCULINO;PARDA;N
MS;MATO GROSSO DO SUL;DEPUTADO FEDERAL;120001636656;1510;LAUDIR MUNARETTO;DEFERIDO;MASCULINO;BRANCA;N
MS;MATO GROSSO DO SUL;DEPUTADO ESTADUAL;120001614720;22067;ROSANE MAZETTO;DEFERIDO;FEMININO;BRANCA;N
MS;MATO GROSSO DO SUL;DEPUTADO ESTADUAL;120001613590;45121;ZÉ TEIXEIRA;DEFERIDO;MASCULINO;BRANCA;S
MS;MATO GROSSO DO SUL;DEPUTADO FEDERAL;120001600675;7788;MARY FABRO;DEFERIDO;FEMININO;BRANCA;N
MS;MATO GROSSO DO SUL;DEPUTADO ESTADUAL;120001614726;22555;EMERSON SAPO;DEFERIDO;MASCULINO;BRANCA;N
MS;MATO GROSSO DO SUL;DEPUTADO ESTADUAL;120001651382;14357;IDEALES SEBEN;DEFERIDO;FEMININO;BRANCA;N
MS;MATO GROSSO DO SUL;VICE-GOVERNADOR;120001674597;29;CARLOS MARTINS ;INDEFERIDO COM RECURSO;MASCULINO;BRANCA;N
MS;MATO GROSSO DO SUL;DEPUTADO FEDERAL;120001606597;1201;JORGE RODRIGUES;DEFERIDO;MASCULINO;PARDA;N
MS;MATO GROSSO DO SUL;DEPUTADO ESTADUAL;120001650956;55190;CHINA;DEFERIDO;MASCULINO;AMARELA;N
MS;MATO GROSSO DO SUL;DEPUTADO FEDERAL;120001718589;9000;RAUNI GUIMARÃES;DEFERIDO;MASCULINO;BRANCA;N
MS;MATO GROSSO DO SUL;DEPUTADO ESTADUAL;120001618547;77456;DR. DAVID OLINDO;INDEFERIDO;MASCULINO;BRANCA;N
MS;MATO GROSSO DO SUL;DEPUTADO FEDERAL;120001598324;3030;DR. GUSTAVO DE LARA;DEFERIDO;MASCULINO;PARDA;N
MS;MATO GROSSO DO SUL;DEPUTADO FEDERAL;120001606598;1212;ROBERTO MATEUS;DEFERIDO;MASCULINO;PARDA;N
MS;MATO GROSSO DO SUL;DEPUTADO ESTADUAL;120001643161;15200;TOSHIO SAKAI;DEFERIDO;MASCULINO;AMARELA;N
MS;MATO GROSSO DO SUL;DEPUTADO ESTADUAL;120001646519;28007;MARCON;DEFERIDO;MASCULINO;BRANCA;N
MS;MATO GROSSO DO SUL;DEPUTADO ESTADUAL;120001651182;51555;SALIN;DEFERIDO;MASCULINO;PARDA;N
MS;MATO GROSSO DO SUL;DEPUTADO ESTADUAL;120001650962;55000;PEDROSSIAN NETO;DEFERIDO;MASCULINO;BRANCA;N
MS;MATO GROSSO DO SUL;DEPUTADO ESTADUAL;120001651363;14102;BAKANA RADIALISTA;DEFERIDO;MASCULINO;PARDA;N
MS;MATO GROSSO DO SUL;DEPUTADO ESTADUAL;120001606665;12180;LUARA DO AXÉ;DEFERIDO;FEMININO;PARDA;N
MS;MATO GROSSO DO SUL;DEPUTADO FEDERAL;120001612320;4500;BIA CAVASSA;DEFERIDO;FEMININO;BRANCA;S
MS;MATO GROSSO DO SUL;DEPUTADO ESTADUAL;120001598646;40777;ESTÉLVIO MICHALSKI;DEFERIDO;MASCULINO;BRANCA;N
MS;MATO GROSSO DO SUL;DEPUTADO ESTADUAL;120001597630;18888;ARTHUR KOGA;DEFERIDO;MASCULINO;AMARELA;N
MS;MATO GROSSO DO SUL;DEPUTADO ESTADUAL;120001650959;55250;DIOMAR CAIUA;DEFERIDO;MASCULINO;INDÍGENA;N
MS;MATO GROSSO DO SUL;DEPUTADO ESTADUAL;120001606669;12345;ENELVO FELINI;DEFERIDO;MASCULINO;BRANCA;N
MS;MATO GROSSO DO SUL;DEPUTADO FEDERAL;120001598296;5005;FERNANDO DA ROTA;DEFERIDO;MASCULINO;BRANCA;N
MS;MATO GROSSO DO SUL;DEPUTADO FEDERAL;120001645934;1145;LU AZAMBUJA;DEFERIDO;FEMININO;PARDA;N
MS;MATO GROSSO DO SUL;DEPUTADO ESTADUAL;120001598639;40123;GILMAR GARCIA;DEFERIDO;MASCULINO;BRANCA;N
MS;MATO GROSSO DO SUL;DEPUTADO FEDERAL;120001650738;5577;MARLUCE BUENO;DEFERIDO;FEMININO;BRANCA;N
MS;MATO GROSSO DO SUL;DEPUTADO FEDERAL;120001606595;1277;ALCEU SOARES NETO;DEFERIDO;MASCULINO;PARDA;N
MS;MATO GROSSO DO SUL;DEPUTADO ESTADUAL;120001615770;19888;CHITÃO;DEFERIDO;MASCULINO;PARDA;N
MS;MATO GROSSO DO SUL;DEPUTADO FEDERAL;120001723440;5533;ADAILTON LIMA;DEFERIDO;MASCULINO;PARDA;N
MS;MATO GROSSO DO SUL;DEPUTADO ESTADUAL;120001650954;55222;MURILO MATOS;DEFERIDO;MASCULINO;BRANCA;N
MS;MATO GROSSO DO SUL;DEPUTADO ESTADUAL;120001606658;12500;SABRINO CARPES MARADONA;DEFERIDO;MASCULINO;BRANCA;N
MS;MATO GROSSO DO SUL;DEPUTADO FEDERAL;120001611825;3636;DANIELZINHO;DEFERIDO;MASCULINO;PARDA;N
MS;MATO GROSSO DO SUL;DEPUTADO ESTADUAL;120001609590;44100;SARGENTO GLEICE KELLY;DEFERIDO;FEMININO;PARDA;N
MS;MATO GROSSO DO SUL;DEPUTADO ESTADUAL;120001651375;14121;ELDA PEREIRA;DEFERIDO;FEMININO;PARDA;N
MS;MATO GROSSO DO SUL;DEPUTADO ESTADUAL;120001672864;70000;ROQUE VIEIRA;DEFERIDO;MASCULINO;BRANCA;N
MS;MATO GROSSO DO SUL;DEPUTADO ESTADUAL;120001651194;51444;GILSON DA GS;DEFERIDO;MASCULINO;PARDA;N
MS;MATO GROSSO DO SUL;2º SUPLENTE;120001596894;500;DIANA SHEILA;DEFERIDO;FEMININO;BRANCA;N
MS;MATO GROSSO DO SUL;DEPUTADO ESTADUAL;120001646517;28787;ENFERMEIRA SUMAIRA;INDEFERIDO;FEMININO;BRANCA;N
MS;MATO GROSSO DO SUL;DEPUTADO FEDERAL;120001596061;4088;PATRÍCIA PALMIERI;DEFERIDO;FEMININO;BRANCA;N
MS;MATO GROSSO DO SUL;DEPUTADO ESTADUAL;120001643173;15222;DR FLAVIO BARBOSA;DEFERIDO;MASCULINO;BRANCA;N
MS;MATO GROSSO DO SUL;DEPUTADO FEDERAL;120001609238;4422;DR FLAVIO RENATO;DEFERIDO;MASCULINO;PARDA;N
MS;MATO GROSSO DO SUL;DEPUTADO FEDERAL;120001609242;4445;MARCELO MIGLIOLI;DEFERIDO;MASCULINO;BRANCA;N
MS;MATO GROSSO DO SUL;2º SUPLENTE;120001652249;133;BRUNO MIGUEIS;DEFERIDO;MASCULINO;PARDA;N
MS;MATO GROSSO DO SUL;DEPUTADO FEDERAL;120001621509;2808;ARILSON ARANDA;DEFERIDO;MASCULINO;BRANCA;N
MS;MATO GROSSO DO SUL;DEPUTADO ESTADUAL;120001612043;36666;PROFESSOR LEO;DEFERIDO;MASCULINO;BRANCA;N
MS;MATO GROSSO DO SUL;1º SUPLENTE;120001651639;111;TENENTE PORTELA;DEFERIDO;MASCULINO;PARDA;N
MS;MATO GROSSO DO SUL;DEPUTADO FEDERAL;120001621511;2800;DR SGT EVALDO CHAVES;DEFERIDO;MASCULINO;BRANCA;N
MS;MATO GROSSO DO SUL;DEPUTADO ESTADUAL;120001613609;45045;CARAVINA;DEFERIDO;MASCULINO;BRANCA;N
MS;MATO GROSSO DO SUL;DEPUTADO ESTADUAL;120001645385;11233;PA BAMBU;DEFERIDO;MASCULINO;PRETA;N
MS;MATO GROSSO DO SUL;DEPUTADO FEDERAL;120001606599;1200;LUIS BRIZOLA;DEFERIDO;MASCULINO;PARDA;N
MS;MATO GROSSO DO SUL;DEPUTADO FEDERAL;120001611827;3655;SENNA;DEFERIDO;MASCULINO;PARDA;N
MS;MATO GROSSO DO SUL;DEPUTADO ESTADUAL;120001652321;13222;PROFESSORA BARTÔ;DEFERIDO;FEMININO;PRETA;N
MS;MATO GROSSO DO SUL;DEPUTADO ESTADUAL;120001652332;13031;SANDRO FANTINI CHAPA COLETIVA;DEFERIDO;MASCULINO;PARDA;N
MS;MATO GROSSO DO SUL;DEPUTADO ESTADUAL;120001597638;18000;URIAS ROCHA BR;INDEFERIDO;MASCULINO;BRANCA;N
MS;MATO GROSSO DO SUL;DEPUTADO FEDERAL;120001596063;4011;MAURICIO LEMES;DEFERIDO;MASCULINO;PARDA;N
MS;MATO GROSSO DO SUL;DEPUTADO FEDERAL;120001615739;2777;ANTONIO CARLOS;DEFERIDO;MASCULINO;PARDA;N
MS;MATO GROSSO DO SUL;GOVERNADOR;120001596872;50;ADONIS MARCOS;DEFERIDO;MASCULINO;BRANCA;N
MS;MATO GROSSO DO SUL;DEPUTADO FEDERAL;120001636660;1590;CORONEL KATIA;DEFERIDO;FEMININO;PARDA;N
MS;MATO GROSSO DO SUL;DEPUTADO FEDERAL;120001615740;2700;ROBERTO PATZLAFF;DEFERIDO;MASCULINO;BRANCA;N
MS;MATO GROSSO DO SUL;DEPUTADO FEDERAL;120001611824;3633;CAMILA MARTINS;DEFERIDO;FEMININO;PARDA;N
MS;MATO GROSSO DO SUL;DEPUTADO FEDERAL;120001609245;4454;GIOVANA SBARAINI;DEFERIDO;FEMININO;BRANCA;N
MS;MATO GROSSO DO SUL;DEPUTADO ESTADUAL;120001613601;45007;NEI SALVIANO;DEFERIDO;MASCULINO;BRANCA;N
MS;MATO GROSSO DO SUL;1º SUPLENTE;120001611533;368;JOSE ALVES;INDEFERIDO;MASCULINO;PARDA;N
MS;MATO GROSSO DO SUL;DEPUTADO ESTADUAL;120001615772;19033;FRED;DEFERIDO;MASCULINO;PARDA;N
MS;MATO GROSSO DO SUL;DEPUTADO ESTADUAL;120001597641;50345;VERINO MINEIRO;DEFERIDO;MASCULINO;PARDA;N
MS;MATO GROSSO DO SUL;DEPUTADO ESTADUAL;120001615775;19001;BOSCO MARTINS;DEFERIDO;MASCULINO;BRANCA;N
MS;MATO GROSSO DO SUL;DEPUTADO ESTADUAL;120001717692;90909;FELIPE TEBET;INDEFERIDO COM RECURSO;MASCULINO;BRANCA;N
MS;MATO GROSSO DO SUL;DEPUTADO FEDERAL;120001650740;5588;LÉO MATOS;DEFERIDO;MASCULINO;BRANCA;N
MS;MATO GROSSO DO SUL;DEPUTADO ESTADUAL;120001618545;77123;CEZAR NOGUEIRA DA SEIKO;DEFERIDO;MASCULINO;PARDA;N
MS;MATO GROSSO DO SUL;DEPUTADO FEDERAL;120001652587;4323;ANA DOMINGUES;DEFERIDO;FEMININO;PARDA;N
MS;MATO GROSSO DO SUL;DEPUTADO FEDERAL;120001718586;9022;JERUSA BOLSONARO;RENÚNCIA;FEMININO;BRANCA;N
MS;MATO GROSSO DO SUL;DEPUTADO ESTADUAL;120001618544;77500;DEJAIR SOARES;DEFERIDO;MASCULINO;BRANCA;N
MS;MATO GROSSO DO SUL;DEPUTADO ESTADUAL;120001612045;36123;MARCAO DE TODOS;DEFERIDO;MASCULINO;BRANCA;N
MS;MATO GROSSO DO SUL;DEPUTADO ESTADUAL;120001646511;28067;RACIB HARB;DEFERIDO;MASCULINO;BRANCA;N
MS;MATO GROSSO DO SUL;DEPUTADO ESTADUAL;120001618554;77015;FERNANDA LIMA;DEFERIDO;FEMININO;PARDA;N
MS;MATO GROSSO DO SUL;DEPUTADO ESTADUAL;120001643160;15333;DRA MARIA JOSÉ;DEFERIDO;FEMININO;BRANCA;N
MS;MATO GROSSO DO SUL;DEPUTADO ESTADUAL;120001652331;13777;GLEICE JANE;DEFERIDO;FEMININO;PRETA;N
MS;MATO GROSSO DO SUL;DEPUTADO FEDERAL;120001614252;2210;TIO TRUTIS;DEFERIDO;MASCULINO;PARDA;S
MS;MATO GROSSO DO SUL;DEPUTADO FEDERAL;120001676316;2929;THIAGO ASSAD;INDEFERIDO COM RECURSO;MASCULINO;BRANCA;N
MS;MATO GROSSO DO SUL;DEPUTADO ESTADUAL;120001606668;12303;PROF DAVID MARQUES;DEFERIDO;MASCULINO;PARDA;N
MS;MATO GROSSO DO SUL;DEPUTADO ESTADUAL;120001643174;15377;PROFESSORA LEILA;DEFERIDO;FEMININO;PRETA;N
MS;MATO GROSSO DO SUL;DEPUTADO FEDERAL;120001650733;5566;CHICÃO VIANNA;DEFERIDO;MASCULINO;PARDA;N
MS;MATO GROSSO DO SUL;DEPUTADO ESTADUAL;120001672863;70211;ADEMILSON TREME TREME;DEFERIDO;MASCULINO;PRETA;N
MS;MATO GROSSO DO SUL;DEPUTADO ESTADUAL;120001615140;10431;EDNA BENTO;DEFERIDO;FEMININO;BRANCA;N
MS;MATO GROSSO DO SUL;DEPUTADO FEDERAL;120001718592;9077;EDSON FIDELIS;RENÚNCIA;MASCULINO;BRANCA;N
MS;MATO GROSSO DO SUL;DEPUTADO FEDERAL;120001672603;7044;DÉBORA MONTANIA;DEFERIDO;FEMININO;PARDA;N
MS;MATO GROSSO DO SUL;DEPUTADO ESTADUAL;120001651372;14780;VANESSA NUNES;DEFERIDO;FEMININO;BRANCA;N
MS;MATO GROSSO DO SUL;DEPUTADO ESTADUAL;120001651380;14204;RONALDO AMARAL;INDEFERIDO COM RECURSO;MASCULINO;PARDA;N
MS;MATO GROSSO DO SUL;DEPUTADO FEDERAL;120001636658;1522;DR ANTÔNIO CRUZ;DEFERIDO;MASCULINO;BRANCA;N
MS;MATO GROSSO DO SUL;DEPUTADO FEDERAL;120001675473;1450;NILSON DA MARMORARIA;DEFERIDO;MASCULINO;PRETA;N
MS;MATO GROSSO DO SUL;GOVERNADOR;120001652149;13;GISELLE;DEFERIDO;FEMININO;BRANCA;N
MS;MATO GROSSO DO SUL;DEPUTADO FEDERAL;120001675470;1417;DAVID MENDES ;DEFERIDO;MASCULINO;BRANCA;N
MS;MATO GROSSO DO SUL;DEPUTADO ESTADUAL;120001651191;51212;VANDRÉ NUNES;DEFERIDO;MASCULINO;BRANCA;N
MS;MATO GROSSO DO SUL;DEPUTADO ESTADUAL;120001618541;77678;ERIC FOSSATI;DEFERIDO;MASCULINO;BRANCA;N
MS;MATO GROSSO DO SUL;DEPUTADO ESTADUAL;120001652319;13007;HUMBERTO AMADUCCI;DEFERIDO;MASCULINO;BRANCA;N
MS;MATO GROSSO DO SUL;DEPUTADO ESTADUAL;120001598648;40231;ELIETH LOPES;DEFERIDO;FEMININO;PRETA;N
MS;MATO GROSSO DO SUL;DEPUTADO ESTADUAL;120001645378;11777;JORGINHO FIGUEIREDO;DEFERIDO;MASCULINO;BRANCA;N
MS;MATO GROSSO DO SUL;DEPUTADO ESTADUAL;120001717694;90013;LUZIA PEREIRA;DEFERIDO;FEMININO;PARDA;N
MS;MATO GROSSO DO SUL;DEPUTADO ESTADUAL;120001618542;77999;IDEVALDO CLAUDINO ;DEFERIDO;MASCULINO;BRANCA;N
MS;MATO GROSSO DO SUL;DEPUTADO FEDERAL;120001636653;1500;LOURDES MONTEIRO;DEFERIDO;FEMININO;BRANCA;N
MS;MATO GROSSO DO SUL;DEPUTADO ESTADUAL;120001650957;55515;VERA FELIX;DEFERIDO;FEMININO;INDÍGENA;N
MS;MATO GROSSO DO SUL;DEPUTADO ESTADUAL;120001598642;40013;DORA EXEVERRIA;DEFERIDO;FEMININO;PRETA;N
MS;MATO GROSSO DO SUL;DEPUTADO ESTADUAL;120001672861;70777;JOSÉ VICTOR;DEFERIDO;MASCULINO;BRANCA;N
MS;MATO GROSSO DO SUL;DEPUTADO ESTADUAL;120001612044;36333;LINDEMBERG BARBOSA;DEFERIDO;MASCULINO;BRANCA;N
MS;MATO GROSSO DO SUL;DEPUTADO ESTADUAL;120001614728;22800;CORONEL DAVID;DEFERIDO;MASCULINO;PARDA;S
MS;MATO GROSSO DO SUL;DEPUTADO FEDERAL;120001672600;7077;SARGENTO R. SANTOS;DEFERIDO;MASCULINO;PARDA;N
MS;MATO GROSSO DO SUL;DEPUTADO FEDERAL;120001718588;9090;TENENTE BALEJO DE ARRUDA;DEFERIDO;MASCULINO;PARDA;N
MS;MATO GROSSO DO SUL;DEPUTADO FEDERAL;120001614257;2200;INSPETORA DEBORAH;DEFERIDO;FEMININO;BRANCA;N
MS;MATO GROSSO DO SUL;DEPUTADO FEDERAL;120001609244;4444;SINDOLEY MORAIS;DEFERIDO;MASCULINO;PARDA;N
MS;MATO GROSSO DO SUL;DEPUTADO ESTADUAL;120001651186;51666;EDDA SUELLEN;DEFERIDO;FEMININO;PRETA;N
MS;MATO GROSSO DO SUL;DEPUTADO FEDERAL;120001672599;7007;ROSANGELA DO PROCEVE;DEFERIDO;FEMININO;PARDA;N
MS;MATO GROSSO DO SUL;DEPUTADO ESTADUAL;120001598652;40700;SARAH SANTOS;DEFERIDO;FEMININO;BRANCA;N
MS;MATO GROSSO DO SUL;DEPUTADO FEDERAL;120001600671;7704;T CORONEL ÊNIO;DEFERIDO;MASCULINO;BRANCA;N
MS;MATO GROSSO DO SUL;DEPUTADO ESTADUAL;120001597629;50000;FAGNER LIRA;DEFERIDO;MASCULINO;PARDA;N
MS;MATO GROSSO DO SUL;DEPUTADO ESTADUAL;120001615151;10100;HERCULANO BORGES;DEFERIDO;MASCULINO;BRANCA;S
MS;MATO GROSSO DO SUL;DEPUTADO ESTADUAL;120001645388;11234;VERA;DEFERIDO;FEMININO;PARDA;N
MS;MATO GROSSO DO SUL;DEPUTADO ESTADUAL;120001651187;51900;ROSALINA DE SOUZA SANTOS;DEFERIDO;FEMININO;PARDA;N
MS;MATO GROSSO DO SUL;DEPUTADO FEDERAL;120001613511;1919;DELEGADA SIDNÉIA;DEFERIDO;FEMININO;PARDA;N
MS;MATO GROSSO DO SUL;DEPUTADO FEDERAL;120001672604;7022;MAMUTH;DEFERIDO;MASCULINO;BRANCA;N
MS;MATO GROSSO DO SUL;DEPUTADO ESTADUAL;120001643157;15115;GEORGE TAKIMOTO;DEFERIDO;MASCULINO;BRANCA;N
MS;MATO GROSSO DO SUL;DEPUTADO FEDERAL;120001612321;4501;DR CASSIANO MAIA;DEFERIDO;MASCULINO;BRANCA;N
MS;MATO GROSSO DO SUL;DEPUTADO FEDERAL;120001650734;5555;FÁBIO TRAD;DEFERIDO;MASCULINO;BRANCA;S
MS;MATO GROSSO DO SUL;DEPUTADO ESTADUAL;120001606656;12000;LUCAS DE LIMA DO AMOR SEM FIM;DEFERIDO;MASCULINO;BRANCA;S
MS;MATO GROSSO DO SUL;DEPUTADO ESTADUAL;120001606650;12007;ABELHA;DEFERIDO;MASCULINO;PARDA;N
MS;MATO GROSSO DO SUL;DEPUTADO FEDERAL;120001613403;1001;SAULO BATISTA;DEFERIDO;MASCULINO;PARDA;N
MS;MATO GROSSO DO SUL;DEPUTADO ESTADUAL;120001606662;12812;PROFESSOR DOUGLAS;DEFERIDO;MASCULINO;PRETA;N
MS;MATO GROSSO DO SUL;DEPUTADO ESTADUAL;120001646509;28113;IRINEU NUNES;DEFERIDO;MASCULINO;PARDA;N
MS;MATO GROSSO DO SUL;DEPUTADO ESTADUAL;120001643167;15190;CYNTHIA PEREIRA;DEFERIDO;FEMININO;PRETA;N
MS;MATO GROSSO DO SUL;1º SUPLENTE;120001652250;133;ELOISA;DEFERIDO;FEMININO;BRANCA;N
MS;MATO GROSSO DO SUL;DEPUTADO ESTADUAL;120001618560;77007;LUIZ BOSSAY;DEFERIDO;MASCULINO;BRANCA;N
MS;MATO GROSSO DO SUL;DEPUTADO ESTADUAL;120001651370;14789;SILVINO JARDIM;DEFERIDO;MASCULINO;PARDA;N
MS;MATO GROSSO DO SUL;DEPUTADO ESTADUAL;120001646516;28222;SARGENTO PRATES;DEFERIDO;MASCULINO;PARDA;N
MS;MATO GROSSO DO SUL;DEPUTADO ESTADUAL;120001618549;77012;PATRICIA MONTEIRO;DEFERIDO;FEMININO;PARDA;N
MS;MATO GROSSO DO SUL;DEPUTADO ESTADUAL;120001643168;15153;HECTOR;DEFERIDO;MASCULINO;BRANCA;N
MS;MATO GROSSO DO SUL;VICE-GOVERNADOR;120001652148;13;ABILIO VANELI;DEFERIDO;MASCULINO;BRANCA;N
MS;MATO GROSSO DO SUL;DEPUTADO FEDERAL;120001613509;1900;VINICIUS SIQUEIRA;DEFERIDO;MASCULINO;BRANCA;N
MS;MATO GROSSO DO SUL;DEPUTADO ESTADUAL;120001725875;44011;PERRONI;DEFERIDO;MASCULINO;BRANCA;N
MS;MATO GROSSO DO SUL;DEPUTADO ESTADUAL;120001614737;22357;MARA NANTES;DEFERIDO;FEMININO;BRANCA;N
MS;MATO GROSSO DO SUL;DEPUTADO ESTADUAL;120001613605;45545;GIAN SANDIM;DEFERIDO;MASCULINO;PARDA;N
MS;MATO GROSSO DO SUL;DEPUTADO ESTADUAL;120001598649;40456;ODAIR BORTOLOTI;DEFERIDO;MASCULINO;BRANCA;N
MS;MATO GROSSO DO SUL;DEPUTADO FEDERAL;120001596062;4022;RICARDO CORNETA;DEFERIDO;MASCULINO;BRANCA;N
MS;MATO GROSSO DO SUL;DEPUTADO FEDERAL;120001612322;4512;DAGOBERTO;DEFERIDO;MASCULINO;BRANCA;S
MS;MATO GROSSO DO SUL;DEPUTADO ESTADUAL;120001651379;14247;RENILDA PAULINO;DEFERIDO;FEMININO;BRANCA;N
MS;MATO GROSSO DO SUL;DEPUTADO ESTADUAL;120001606667;12222;BRUNA RIQUELME COLETIVO;DEFERIDO;FEMININO;PARDA;N
MS;MATO GROSSO DO SUL;DEPUTADO ESTADUAL;120001652313;65160;SOCORRO MATOS;DEFERIDO;FEMININO;PRETA;N
MS;MATO GROSSO DO SUL;VICE-GOVERNADOR;120001618899;44;ALBERTO SCHLATTER;DEFERIDO;MASCULINO;BRANCA;N
MS;MATO GROSSO DO SUL;DEPUTADO ESTADUAL;120001652315;13428;ELEANDRA PACHUKI;DEFERIDO;FEMININO;BRANCA;N
MS;MATO GROSSO DO SUL;DEPUTADO ESTADUAL;120001618557;77000;ANDRADE;DEFERIDO;MASCULINO;BRANCA;N
MS;MATO GROSSO DO SUL;1º SUPLENTE;120001609097;444;SÉRGIO MURILO;DEFERIDO;MASCULINO;PARDA;N
MS;MATO GROSSO DO SUL;DEPUTADO ESTADUAL;120001615771;19307;LEDA BRUM;DEFERIDO;FEMININO;PARDA;N
MS;MATO GROSSO DO SUL;SENADOR;120001649892;555;JUIZ ODILON;DEFERIDO;MASCULINO;PARDA;N
MS;MATO GROSSO DO SUL;DEPUTADO ESTADUAL;120001651365;14555;JOHNNY GUERRA GAI;DEFERIDO;MASCULINO;BRANCA;N
MS;MATO GROSSO DO SUL;DEPUTADO FEDERAL;120001650737;5500;CLAUDINHA MACIEL;DEFERIDO;FEMININO;BRANCA;N
MS;MATO GROSSO DO SUL;DEPUTADO ESTADUAL;120001643155;15100;DR GABRIEL;DEFERIDO;MASCULINO;PARDA;N
MS;MATO GROSSO DO SUL;DEPUTADO ESTADUAL;120001615136;10322;SAYURI BAEZ;DEFERIDO;FEMININO;BRANCA;N
MS;MATO GROSSO DO SUL;DEPUTADO ESTADUAL;120001615143;10567;DULCELINO ARRUDA;DEFERIDO;MASCULINO;PARDA;N
MS;MATO GROSSO DO SUL;DEPUTADO ESTADUAL;120001651368;14000;OMAR AYOUB;DEFERIDO;MASCULINO;BRANCA;N
MS;MATO GROSSO DO SUL;DEPUTADO ESTADUAL;120001646504;28016;PROFESSOR CECILIO PINTO;INDEFERIDO;MASCULINO;PARDA;N
MS;MATO GROSSO DO SUL;VICE-GOVERNADOR;120001646279;15;TANIA GARIB;DEFERIDO;FEMININO;BRANCA;N
MS;MATO GROSSO DO SUL;DEPUTADO ESTADUAL;120001651199;51456;DR LUCIANO;DEFERIDO;MASCULINO;BRANCA;N
MS;MATO GROSSO DO SUL;DEPUTADO ESTADUAL;120001645386;11252;PAULA DO EDIVALDINHO;DEFERIDO;FEMININO;PARDA;N
MS;MATO GROSSO DO SUL;DEPUTADO ESTADUAL;120001650953;55125;MARIA TEREZA;DEFERIDO;FEMININO;PRETA;N
MS;MATO GROSSO DO SUL;DEPUTADO ESTADUAL;120001651189;51999;JANE DU POVO;DEFERIDO;FEMININO;PARDA;N
MS;MATO GROSSO DO SUL;DEPUTADO ESTADUAL;120001645377;11111;GERSON CLARO;DEFERIDO;MASCULINO;BRANCA;S
MS;MATO GROSSO DO SUL;DEPUTADO FEDERAL;120001598327;3000;ROGER MILAN;DEFERIDO;MASCULINO;BRANCA;N
MS;MATO GROSSO DO SUL;DEPUTADO ESTADUAL;120001598643;40111;MARLI DO NASCIMENTO;DEFERIDO;FEMININO;PRETA;N
MS;MATO GROSSO DO SUL;DEPUTADO ESTADUAL;120001650946;55291;CLEO MUNIZ;DEFERIDO;FEMININO;PARDA;N
MS;MATO GROSSO DO SUL;DEPUTADO ESTADUAL;120001651181;51500;PROFESSORA ROSANGELA;RENÚNCIA;FEMININO;BRANCA;N
MS;MATO GROSSO DO SUL;DEPUTADO ESTADUAL;120001648886;90790;JONAS NOGUEIRA;INDEFERIDO;NÃO DIVULGÁVEL;NÃO DIVULGÁVEL;Não divulgável
MS;MATO GROSSO DO SUL;DEPUTADO ESTADUAL;120001615780;19200;CABURÉ;RENÚNCIA;MASCULINO;BRANCA;N
MS;MATO GROSSO DO SUL;DEPUTADO ESTADUAL;120001618559;77067;PATRICIA JARA;DEFERIDO;FEMININO;PRETA;N
MS;MATO GROSSO DO SUL;DEPUTADO ESTADUAL;120001717698;90008;MAURINHO;DEFERIDO;MASCULINO;PARDA;N
MS;MATO GROSSO DO SUL;DEPUTADO ESTADUAL;120001651367;14077;LUIZ MENDONÇA;DEFERIDO;MASCULINO;PARDA;N
MS;MATO GROSSO DO SUL;DEPUTADO ESTADUAL;120001606659;12312;SILVIO DO PDT;DEFERIDO;MASCULINO;PARDA;N
MS;MATO GROSSO DO SUL;DEPUTADO ESTADUAL;120001615137;10104;SILVIO DIAS;DEFERIDO;MASCULINO;BRANCA;N
MS;MATO GROSSO DO SUL;DEPUTADO ESTADUAL;120001609607;44555;LIS SANTOS;DEFERIDO;FEMININO;BRANCA;N
MS;MATO GROSSO DO SUL;DEPUTADO ESTADUAL;120001609588;44744;HELLEN MADONA;DEFERIDO;FEMININO;BRANCA;N
MS;MATO GROSSO DO SUL;DEPUTADO ESTADUAL;120001598645;40300;PAULO DUARTE;DEFERIDO;MASCULINO;BRANCA;S
MS;MATO GROSSO DO SUL;DEPUTADO ESTADUAL;120001606670;12412;GLAUCIA IUNES;DEFERIDO;FEMININO;BRANCA;N
MS;MATO GROSSO DO SUL;DEPUTADO FEDERAL;120001649119;9000;RAUNI GUIMARÃES;INDEFERIDO;NÃO DIVULGÁVEL;NÃO DIVULGÁVEL;Não divulgável
MS;MATO GROSSO DO SUL;DEPUTADO ESTADUAL;120001651192;51017;WALTER MASSULO;DEFERIDO;MASCULINO;PARDA;N
MS;MATO GROSSO DO SUL;DEPUTADO ESTADUAL;120001612047;36036;SUELEN SOUZA;DEFERIDO;FEMININO;BRANCA;N
MS;MATO GROSSO DO SUL;DEPUTADO ESTADUAL;120001645382;11700;EVANDER VENDRAMINI;DEFERIDO;MASCULINO;BRANCA;S
MS;MATO GROSSO DO SUL;DEPUTADO ESTADUAL;120001652316;13456;EDUARDO BORGES;DEFERIDO;MASCULINO;BRANCA;N
MS;MATO GROSSO DO SUL;DEPUTADO FEDERAL;120001652594;6565;LUIGI;DEFERIDO;MASCULINO;PARDA;N
MS;MATO GROSSO DO SUL;DEPUTADO ESTADUAL;120001609599;44144;FABRICIO VENTUROLI;DEFERIDO;MASCULINO;BRANCA;N
MS;MATO GROSSO DO SUL;DEPUTADO ESTADUAL;120001597640;18880;PR JULIANO ALEXANDRE;INDEFERIDO;MASCULINO;PARDA;N
MS;MATO GROSSO DO SUL;SENADOR;120001611531;368;JEFERSON BEZERRA;DEFERIDO;MASCULINO;PARDA;N
MS;MATO GROSSO DO SUL;DEPUTADO ESTADUAL;120001615764;19199;LILIAN MENDES;DEFERIDO;FEMININO;AMARELA;N
MS;MATO GROSSO DO SUL;DEPUTADO FEDERAL;120001645939;1190;SUBTENENTE EDILAINE;DEFERIDO;FEMININO;PARDA;N
MS;MATO GROSSO DO SUL;DEPUTADO FEDERAL;120001672598;7040;TAINO;DEFERIDO;MASCULINO;INDÍGENA;N
MS;MATO GROSSO DO SUL;DEPUTADO ESTADUAL;120001651362;14566;ALCIRA BUCKER;DEFERIDO;FEMININO;PARDA;N
MS;MATO GROSSO DO SUL;DEPUTADO ESTADUAL;120001612039;36777;PROFESSORA CELIA;DEFERIDO;FEMININO;BRANCA;N
MS;MATO GROSSO DO SUL;DEPUTADO ESTADUAL;120001598641;40789;LAURO DAVI;DEFERIDO;MASCULINO;BRANCA;N
MS;MATO GROSSO DO SUL;DEPUTADO FEDERAL;120001613401;1010;WILTON ACOSTA;DEFERIDO;MASCULINO;PARDA;N
MS;MATO GROSSO DO SUL;DEPUTADO FEDERAL;120001614256;2223;SARGENTO BETÂNIA;DEFERIDO;FEMININO;PARDA;N
MS;MATO GROSSO DO SUL;DEPUTADO ESTADUAL;120001651180;51111;PORTES DA SAÚDE;DEFERIDO;MASCULINO;BRANCA;N
MS;MATO GROSSO DO SUL;DEPUTADO FEDERAL;120001636659;1551;TATÃO;DEFERIDO;MASCULINO;BRANCA;N
MS;MATO GROSSO DO SUL;DEPUTADO ESTADUAL;120001643177;15789;ZÉ CARLOS DA MAÇÃ;INDEFERIDO COM RECURSO;MASCULINO;PARDA;N
MS;MATO GROSSO DO SUL;DEPUTADO ESTADUAL;120001612038;36222;LAGOA;DEFERIDO;MASCULINO;PRETA;N
MS;MATO GROSSO DO SUL;DEPUTADO ESTADUAL;120001652318;13173;WILLIAM IGOR;DEFERIDO;MASCULINO;PARDA;N
MS;MATO GROSSO DO SUL;DEPUTADO ESTADUAL;120001615761;19456;DR ISSAM FARES JR;DEFERIDO;MASCULINO;BRANCA;N
MS;MATO GROSSO DO SUL;DEPUTADO ESTADUAL;120001650960;55123;OTÁVIO TRAD;DEFERIDO;MASCULINO;BRANCA;N
MS;MATO GROSSO DO SUL;DEPUTADO ESTADUAL;120001651198;51222;JACYR CARDOSO;DEFERIDO;MASCULINO;BRANCA;N
MS;MATO GROSSO DO SUL;DEPUTADO ESTADUAL;120001652309;13123;ADRIANO CARTEIRO;DEFERIDO;MASCULINO;PRETA;N
MS;MATO GROSSO DO SUL;DEPUTADO FEDERAL;120001614254;2233;LUANA RUIZ;DEFERIDO;FEMININO;BRANCA;N
MS;MATO GROSSO DO SUL;DEPUTADO ESTADUAL;120001675999;14222;FERNANDO VILLALBA;DEFERIDO;MASCULINO;BRANCA;N
MS;MATO GROSSO DO SUL;DEPUTADO ESTADUAL;120001597632;18777;AURIMAR LIMA;DEFERIDO;FEMININO;PARDA;N
MS;MATO GROSSO DO SUL;DEPUTADO FEDERAL;120001609241;4433;MICHELA DUTRA;DEFERIDO;FEMININO;PARDA;N
MS;MATO GROSSO DO SUL;DEPUTADO FEDERAL;120001621510;2822;CAPITÃO ERASMO BRASILEIRO;DEFERIDO;MASCULINO;BRANCA;N
MS;MATO GROSSO DO SUL;DEPUTADO ESTADUAL;120001643164;15151;VANDERLEI CABELUDO;DEFERIDO;MASCULINO;BRANCA;N
MS;MATO GROSSO DO SUL;DEPUTADO ESTADUAL;120001606655;12123;PROF LUCILIO NOBRE;DEFERIDO;MASCULINO;PARDA;N
MS;MATO GROSSO DO SUL;DEPUTADO ESTADUAL;120001613600;23123;MARCELO MARINHO;DEFERIDO;MASCULINO;PARDA;N
MS;MATO GROSSO DO SUL;DEPUTADO ESTADUAL;120001618555;77889;PAGODY TERENA;DEFERIDO;MASCULINO;INDÍGENA;N
MS;MATO GROSSO DO SUL;GOVERNADOR;120001674596;29;MAGNO DE SOUZA;INDEFERIDO COM RECURSO;MASCULINO;PARDA;N
MS;MATO GROSSO DO SUL;DEPUTADO ESTADUAL;120001652325;13067;PROFESSORA EUGENIA PORTELA;DEFERIDO;FEMININO;PRETA;N
MS;MATO GROSSO DO SUL;DEPUTADO ESTADUAL;120001645380;11122;GABRIEL BOCCIA;DEFERIDO;MASCULINO;BRANCA;N
MS;MATO GROSSO DO SUL;DEPUTADO ESTADUAL;120001652317;13613;PEDRO KEMP;DEFERIDO;MASCULINO;BRANCA;S
MS;MATO GROSSO DO SUL;DEPUTADO ESTADUAL;120001606649;12069;SOL DO PDT;DEFERIDO;FEMININO;PARDA;N
MS;MATO GROSSO DO SUL;1º SUPLENTE;120001649893;555;WILSON JOAQUIM DA SILVA;DEFERIDO;MASCULINO;BRANCA;N
MS;MATO GROSSO DO SUL;DEPUTADO FEDERAL;120001652588;1367;CAMILA JARA;DEFERIDO;FEMININO;BRANCA;N
MS;MATO GROSSO DO SUL;DEPUTADO ESTADUAL;120001652314;13000;PROF PEDRO AGOSTINHO;DEFERIDO;MASCULINO;PARDA;N
MS;MATO GROSSO DO SUL;DEPUTADO FEDERAL;120001609243;4455;NELI;DEFERIDO;FEMININO;BRANCA;N
MS;MATO GROSSO DO SUL;DEPUTADO ESTADUAL;120001646508;28111;HELANE RIBEIRO;DEFERIDO;FEMININO;BRANCA;N
MS;MATO GROSSO DO SUL;DEPUTADO ESTADUAL;120001651373;14567;LAILA MORAES;DEFERIDO;FEMININO;PARDA;N
MS;MATO GROSSO DO SUL;DEPUTADO ESTADUAL;120001609587;44999;ROBERTO HASHIOKA;DEFERIDO;MASCULINO;BRANCA;N
MS;MATO GROSSO DO SUL;DEPUTADO FEDERAL;120001600669;7722;DANIEL SOM E VIDA;DEFERIDO;MASCULINO;BRANCA;N
MS;MATO GROSSO DO SUL;DEPUTADO FEDERAL;120001598298;5060;LUHHARA ARGUELHO;DEFERIDO;FEMININO;PRETA;N
MS;MATO GROSSO DO SUL;DEPUTADO ESTADUAL;120001672860;70070;ALINE PANTANEIRA;DEFERIDO;FEMININO;BRANCA;N
MS;MATO GROSSO DO SUL;DEPUTADO ESTADUAL;120001643163;15444;RAQUEL GONÇALVES;DEFERIDO;FEMININO;PARDA;N
MS;MATO GROSSO DO SUL;DEPUTADO ESTADUAL;120001618556;77770;PASTOR ELI RANGEL ABENÇOADO;DEFERIDO;MASCULINO;BRANCA;N
MS;MATO GROSSO DO SUL;DEPUTADO ESTADUAL;120001672858;70038;SUB EDMAR;DEFERIDO;MASCULINO;BRANCA;N
MS;MATO GROSSO DO SUL;DEPUTADO ESTADUAL;120001613592;45000;MARA CASEIRO;DEFERIDO;FEMININO;BRANCA;S
MS;MATO GROSSO DO SUL;DEPUTADO FEDERAL;120001598299;5007;DONA VAL;DEFERIDO;FEMININO;BRANCA;N
MS;MATO GROSSO DO SUL;DEPUTADO ESTADUAL;120001614727;22223;ANA PERALTA;DEFERIDO;FEMININO;BRANCA;N
MS;MATO GROSSO DO SUL;DEPUTADO ESTADUAL;120001614731;22123;ADRIANO GARCIA;DEFERIDO;MASCULINO;BRANCA;N
MS;MATO GROSSO DO SUL;DEPUTADO ESTADUAL;120001651374;14888;SOMBRA DO RATINHO;DEFERIDO;MASCULINO;PRETA;N
MS;MATO GROSSO DO SUL;DEPUTADO FEDERAL;120001614258;2222;MARCOS POLLON;DEFERIDO;MASCULINO;BRANCA;N
MS;MATO GROSSO DO SUL;DEPUTADO ESTADUAL;120001597636;18232;JEFINHO;DEFERIDO;MASCULINO;BRANCA;N
MS;MATO GROSSO DO SUL;DEPUTADO ESTADUAL;120001672853;70555;FÁTIMA LEITE;DEFERIDO;FEMININO;PARDA;N
MS;MATO GROSSO DO SUL;DEPUTADO FEDERAL;120001609240;4400;ZÉ DA VIOLA;DEFERIDO;MASCULINO;PARDA;N
MS;MATO GROSSO DO SUL;DEPUTADO ESTADUAL;120001614724;22222;JOÃO HENRIQUE;DEFERIDO;MASCULINO;BRANCA;S
MS;MATO GROSSO DO SUL;DEPUTADO ESTADUAL;120001609604;44333;RHIAD;DEFERIDO;MASCULINO;BRANCA;N
MS;MATO GROSSO DO SUL;DEPUTADO ESTADUAL;120001648884;90033;EMMILIM BLACK;INDEFERIDO;NÃO DIVULGÁVEL;NÃO DIVULGÁVEL;Não divulgável
MS;MATO GROSSO DO SUL;DEPUTADO ESTADUAL;120001618553;77777;SAMUCA BRASIL;DEFERIDO;MASCULINO;PARDA;N
MS;MATO GROSSO DO SUL;DEPUTADO ESTADUAL;120001645379;11333;MARCIA ROMERO;DEFERIDO;FEMININO;BRANCA;N
MS;MATO GROSSO DO SUL;DEPUTADO FEDERAL;120001614253;2202;RENÉE VENÂNCIO;DEFERIDO;MASCULINO;PRETA;N
MS;MATO GROSSO DO SUL;DEPUTADO ESTADUAL;120001606661;12111;LOCUTOR ANTONIO NERES;DEFERIDO;MASCULINO;BRANCA;N
MS;MATO GROSSO DO SUL;DEPUTADO ESTADUAL;120001650943;55777;JOÃO MAMÃO;DEFERIDO;MASCULINO;BRANCA;N
MS;MATO GROSSO DO SUL;DEPUTADO FEDERAL;120001613402;1011;MALU DA JULIANO VARELA;DEFERIDO;FEMININO;BRANCA;N
MS;MATO GROSSO DO SUL;DEPUTADO FEDERAL;120001598325;3010;PAULO RICARTE;DEFERIDO;MASCULINO;PARDA;N
MS;MATO GROSSO DO SUL;DEPUTADO ESTADUAL;120001606654;12555;JULIO MIRANDA;DEFERIDO;MASCULINO;BRANCA;N
MS;MATO GROSSO DO SUL;DEPUTADO ESTADUAL;120001652326;65024;GLAUBER PORTMAN;DEFERIDO;FEMININO;PRETA;N
MS;MATO GROSSO DO SUL;DEPUTADO ESTADUAL;120001646510;28456;MAURO FLOR DA TERRA;DEFERIDO;MASCULINO;BRANCA;N
MS;MATO GROSSO DO SUL;DEPUTADO ESTADUAL;120001643171;15150;RENATO CÂMARA;DEFERIDO;MASCULINO;BRANCA;S
MS;MATO GROSSO DO SUL;DEPUTADO ESTADUAL;120001612041;36444;JEFFERSON SEI ;DEFERIDO;MASCULINO;PARDA;N
MS;MATO GROSSO DO SUL;DEPUTADO FEDERAL;120001612323;4545;BETO PEREIRA;DEFERIDO;MASCULINO;BRANCA;S
MS;MATO GROSSO DO SUL;DEPUTADO ESTADUAL;120001643156;15033;FABIANO REIS;DEFERIDO;MASCULINO;PRETA;N
MS;MATO GROSSO DO SUL;DEPUTADO ESTADUAL;120001643176;15777;DRA SIMONE LOPES;DEFERIDO;FEMININO;BRANCA;N
MS;MATO GROSSO DO SUL;DEPUTADO FEDERAL;120001672602;7000;PROMOTOR HARFOUCHE;INDEFERIDO COM RECURSO;MASCULINO;BRANCA;N
MS;MATO GROSSO DO SUL;2º SUPLENTE;120001738688;444;MAISA UEMURA;PENDENTE DE JULGAMENTO;FEMININO;AMARELA;N
MS;MATO GROSSO DO SUL;DEPUTADO FEDERAL;120001598297;5050;FRANKLIN;DEFERIDO;MASCULINO;BRANCA;N
MS;MATO GROSSO DO SUL;DEPUTADO FEDERAL;120001636654;1511;MARISA ROCHA;DEFERIDO;FEMININO;BRANCA;N
MS;MATO GROSSO DO SUL;DEPUTADO ESTADUAL;120001646518;28789;ENGENHEIRO LUIZ ANTONIO LEMES;DEFERIDO;MASCULINO;BRANCA;N
MS;MATO GROSSO DO SUL;2º SUPLENTE;120001649891;555;DOMINGOS ALBANEZE;DEFERIDO;MASCULINO;BRANCA;N
MS;MATO GROSSO DO SUL;DEPUTADO FEDERAL;120001675468;1422;JAMES;DEFERIDO;MASCULINO;BRANCA;N
MS;MATO GROSSO DO SUL;DEPUTADO ESTADUAL;120001612037;36699;ADILSON MENDES;DEFERIDO;MASCULINO;BRANCA;N
MS;MATO GROSSO DO SUL;DEPUTADO ESTADUAL;120001675998;14514;ADA NOGUEIRA;DEFERIDO;FEMININO;BRANCA;N
MS;MATO GROSSO DO SUL;DEPUTADO ESTADUAL;120001725989;77567;HELENA DO BRUSK;DEFERIDO;FEMININO;PARDA;N
MS;MATO GROSSO DO SUL;DEPUTADO ESTADUAL;120001613606;45678;JOÃO CÉSAR MATTOGROSSO;DEFERIDO;MASCULINO;BRANCA;N
MS;MATO GROSSO DO SUL;DEPUTADO FEDERAL;120001650736;5522;JORGE MARTINHO;DEFERIDO;MASCULINO;PRETA;N
MS;MATO GROSSO DO SUL;DEPUTADO FEDERAL;120001652592;1325;JAIME TEIXEIRA;DEFERIDO;MASCULINO;BRANCA;N
MS;MATO GROSSO DO SUL;DEPUTADO ESTADUAL;120001597631;18123;BRITO;DEFERIDO;MASCULINO;BRANCA;N
MS;MATO GROSSO DO SUL;DEPUTADO ESTADUAL;120001650944;55700;TIAGO VARGAS;INDEFERIDO COM RECURSO;MASCULINO;PARDA;N
MS;MATO GROSSO DO SUL;DEPUTADO ESTADUAL;120001615150;10222;JUNIOR LONGO;DEFERIDO;MASCULINO;BRANCA;N
MS;MATO GROSSO DO SUL;DEPUTADO ESTADUAL;120001609608;44123;LUCAS SANTOS;DEFERIDO;MASCULINO;PARDA;N
MS;MATO GROSSO DO SUL;DEPUTADO ESTADUAL;120001651377;14777;DR MARIO LENHARO;DEFERIDO;MASCULINO;BRANCA;N
MS;MATO GROSSO DO SUL;DEPUTADO ESTADUAL;120001651190;51789;CIDA;DEFERIDO;FEMININO;PARDA;N
MS;MATO GROSSO DO SUL;DEPUTADO ESTADUAL;120001615139;10123;ANTONIO VAZ;DEFERIDO;MASCULINO;BRANCA;S
MS;MATO GROSSO DO SUL;DEPUTADO ESTADUAL;120001597628;50999;TENENTE COLETIVO PROGRESSISTA;DEFERIDO;MASCULINO;BRANCA;N
MS;MATO GROSSO DO SUL;DEPUTADO ESTADUAL;120001612040;36789;DILVANIA TODESCATO;DEFERIDO;FEMININO;BRANCA;N
MS;MATO GROSSO DO SUL;DEPUTADO ESTADUAL;120001615149;10455;BRUNA DO TERRA;DEFERIDO;FEMININO;BRANCA;N
MS;MATO GROSSO DO SUL;DEPUTADO FEDERAL;120001598294;1888;ADAUTO SOUTO;DEFERIDO;MASCULINO;BRANCA;N
MS;MATO GROSSO DO SUL;DEPUTADO ESTADUAL;120001613599;45556;NATALIA VELASQUES;DEFERIDO;FEMININO;PARDA;N
MS;MATO GROSSO DO SUL;DEPUTADO ESTADUAL;120001648880;90008;MAURINHO;INDEFERIDO;NÃO DIVULGÁVEL;NÃO DIVULGÁVEL;Não divulgável
MS;MATO GROSSO DO SUL;DEPUTADO FEDERAL;120001613512;1944;TELMA MINARI;DEFERIDO;FEMININO;PARDA;N
MS;MATO GROSSO DO SUL;DEPUTADO ESTADUAL;120001615147;10122;ROSANA SANTANA;DEFERIDO;FEMININO;PARDA;N
MS;MATO GROSSO DO SUL;DEPUTADO ESTADUAL;120001651193;51005;GIVANILDO DE PAULA;DEFERIDO;MASCULINO;PARDA;N
MS;MATO GROSSO DO SUL;DEPUTADO ESTADUAL;120001652310;65333;PROF EDSON;DEFERIDO;MASCULINO;PRETA;N
MS;MATO GROSSO DO SUL;DEPUTADO ESTADUAL;120001615152;10091;PASTORA MARIA BAEVE;DEFERIDO;FEMININO;PARDA;N
MS;MATO GROSSO DO SUL;DEPUTADO ESTADUAL;120001613598;45122;GILSON DA CONVENIÊNCIA;DEFERIDO;MASCULINO;BRANCA;N
MS;MATO GROSSO DO SUL;DEPUTADO FEDERAL;120001636657;1515;MOKA;DEFERIDO;MASCULINO;BRANCA;N
MS;MATO GROSSO DO SUL;DEPUTADO ESTADUAL;120001615778;19019;PROFESSOR RINALDO MODESTO;DEFERIDO;MASCULINO;PARDA;S
MS;MATO GROSSO DO SUL;DEPUTADO ESTADUAL;120001646502;28028;RAFAEL TAVARES;DEFERIDO;MASCULINO;BRANCA;N
MS;MATO GROSSO DO SUL;DEPUTADO ESTADUAL;120001597626;50123;VAL ELOY;DEFERIDO;FEMININO;INDÍGENA;N
MS;MATO GROSSO DO SUL;DEPUTADO ESTADUAL;120001645387;11222;LAURA ARRUDA ;DEFERIDO;FEMININO;PARDA;N
MS;MATO GROSSO DO SUL;DEPUTADO ESTADUAL;120001615133;10678;GEGE MOREIRA;DEFERIDO;MASCULINO;BRANCA;N
MS;MATO GROSSO DO SUL;DEPUTADO ESTADUAL;120001618548;77321;DRI SILVA;INDEFERIDO COM RECURSO;FEMININO;PARDA;N
MS;MATO GROSSO DO SUL;DEPUTADO FEDERAL;120001596065;4077;LILIAN FERNANDES;DEFERIDO;FEMININO;BRANCA;N
MS;MATO GROSSO DO SUL;DEPUTADO ESTADUAL;120001613603;45789;VERA HELENA;DEFERIDO;FEMININO;BRANCA;N
MS;MATO GROSSO DO SUL;DEPUTADO ESTADUAL;120001613604;45147;CANDINHA DO PARADESPORTO;DEFERIDO;FEMININO;BRANCA;N
MS;MATO GROSSO DO SUL;DEPUTADO ESTADUAL;120001650947;55889;CAROL EL DAHER;DEFERIDO;FEMININO;BRANCA;N
MS;MATO GROSSO DO SUL;DEPUTADO ESTADUAL;120001618552;77444;ISMAEL GOMES O CRIA ;DEFERIDO;MASCULINO;PARDA;N
MS;MATO GROSSO DO SUL;DEPUTADO FEDERAL;120001645933;1122;DR. LUIZ OVANDO;DEFERIDO;MASCULINO;BRANCA;S
MS;MATO GROSSO DO SUL;DEPUTADO ESTADUAL;120001597639;50121;ROSANIZ MARTINS;DEFERIDO;FEMININO;INDÍGENA;N
MS;MATO GROSSO DO SUL;DEPUTADO ESTADUAL;120001651369;14190;CABO NASCIMENTO;DEFERIDO;MASCULINO;PRETA;N
MS;MATO GROSSO DO SUL;SENADOR;120001652251;133;PROFESSOR TIAGO BOTELHO;DEFERIDO;MASCULINO;BRANCA;N
MS;MATO GROSSO DO SUL;DEPUTADO ESTADUAL;120001717693;90123;LUCIANO KERST;DEFERIDO;MASCULINO;BRANCA;N
MS;MATO GROSSO DO SUL;DEPUTADO ESTADUAL;120001598638;40198;LANA RODRIGUES;DEFERIDO;FEMININO;BRANCA;N
MS;MATO GROSSO DO SUL;DEPUTADO ESTADUAL;120001606666;12444;LUCAS ODALIA;DEFERIDO;MASCULINO;BRANCA;N
MS;MATO GROSSO DO SUL;DEPUTADO ESTADUAL;120001613597;45123;JAMILSON NAME;DEFERIDO;MASCULINO;BRANCA;S
MS;MATO GROSSO DO SUL;DEPUTADO ESTADUAL;120001651196;51333;CLAUDIO TUIUIU;DEFERIDO;MASCULINO;BRANCA;N
MS;MATO GROSSO DO SUL;DEPUTADO FEDERAL;120001672597;7070;PROFESSOR FLODOALDO;DEFERIDO;MASCULINO;BRANCA;N
MS;MATO GROSSO DO SUL;DEPUTADO ESTADUAL;120001609605;44556;MAURO THRONICKE;DEFERIDO;MASCULINO;BRANCA;N
MS;MATO GROSSO DO SUL;DEPUTADO ESTADUAL;120001614735;22333;SALETTE BELL;DEFERIDO;FEMININO;BRANCA;N
MS;MATO GROSSO DO SUL;DEPUTADO ESTADUAL;120001609594;44422;PATRICIA MALDONADO;DEFERIDO;FEMININO;BRANCA;N
MS;MATO GROSSO DO SUL;DEPUTADO ESTADUAL;120001598636;40444;DR DAVI;DEFERIDO;MASCULINO;BRANCA;N
MS;MATO GROSSO DO SUL;DEPUTADO ESTADUAL;120001646505;28777;RODRIGO LINS;DEFERIDO;MASCULINO;BRANCA;N
MS;MATO GROSSO DO SUL;DEPUTADO ESTADUAL;120001613608;45101;LIA NOGUEIRA;DEFERIDO;FEMININO;BRANCA;N
MS;MATO GROSSO DO SUL;DEPUTADO ESTADUAL;120001614739;22111;TANIA NOGUEIRA;DEFERIDO;FEMININO;PRETA;N
MS;MATO GROSSO DO SUL;DEPUTADO ESTADUAL;120001652311;13190;ELIZANGELA PIRES;DEFERIDO;FEMININO;BRANCA;N
MS;MATO GROSSO DO SUL;DEPUTADO ESTADUAL;120001615776;19500;MARCELO MOURÃO;DEFERIDO;MASCULINO;PARDA;N
MS;MATO GROSSO DO SUL;DEPUTADO ESTADUAL;120001598637;40222;ALENCAR;DEFERIDO;MASCULINO;BRANCA;N
MS;MATO GROSSO DO SUL;DEPUTADO FEDERAL;120001613514;1966;ATHAYDE NERY;DEFERIDO;MASCULINO;BRANCA;N
MS;MATO GROSSO DO SUL;DEPUTADO ESTADUAL;120001609589;44321;IVANDRO FONSECA;DEFERIDO;MASCULINO;PARDA;N
MS;MATO GROSSO DO SUL;DEPUTADO ESTADUAL;120001606663;12777;PROFESSOR EDSON MANOEL;DEFERIDO;MASCULINO;PRETA;N
MS;MATO GROSSO DO SUL;DEPUTADO ESTADUAL;120001614723;22233;IRENE TOZZI;DEFERIDO;FEMININO;BRANCA;N
MS;MATO GROSSO DO SUL;DEPUTADO ESTADUAL;120001618551;77110;PASTOR CHIQUINHO;DEFERIDO;MASCULINO;BRANCA;N
MS;MATO GROSSO DO SUL;DEPUTADO ESTADUAL;120001651195;51696;NEIVA MELLO;DEFERIDO;FEMININO;BRANCA;N
MS;MATO GROSSO DO SUL;DEPUTADO FEDERAL;120001612327;4544;PASTORA DANI;DEFERIDO;FEMININO;BRANCA;N
MS;MATO GROSSO DO SUL;DEPUTADO ESTADUAL;120001615773;19123;ZÉ DA FARMÁCIA;DEFERIDO;MASCULINO;BRANCA;N
MS;MATO GROSSO DO SUL;DEPUTADO FEDERAL;120001675471;1414;DELCÍDIO AMARAL;DEFERIDO COM RECURSO;MASCULINO;BRANCA;N
MS;MATO GROSSO DO SUL;DEPUTADO ESTADUAL;120001614732;22022;INSPETOR SODRÉ;DEFERIDO;MASCULINO;BRANCA;N
MS;MATO GROSSO DO SUL;VICE-GOVERNADOR;120001635629;45;BARBOSINHA;DEFERIDO;MASCULINO;BRANCA;N
MS;MATO GROSSO DO SUL;DEPUTADO FEDERAL;120001613516;1999;DR. GUTO;DEFERIDO;MASCULINO;BRANCA;N
MS;MATO GROSSO DO SUL;DEPUTADO FEDERAL;120001621517;2828;ELANO;DEFERIDO;MASCULINO;BRANCA;N
MS;MATO GROSSO DO SUL;DEPUTADO ESTADUAL;120001672859;70123;FRANK BLANCO;DEFERIDO;MASCULINO;PARDA;N
MS;MATO GROSSO DO SUL;DEPUTADO ESTADUAL;120001652328;43456;MARCELO BLUMA;DEFERIDO;MASCULINO;PARDA;N
MS;MATO GROSSO DO SUL;DEPUTADO FEDERAL;120001675469;1426;LINDA GRAZIELA;DEFERIDO;FEMININO;BRANCA;N
MS;MATO GROSSO DO SUL;DEPUTADO FEDERAL;120001598323;3032;GIANI GRANDO;DEFERIDO;FEMININO;BRANCA;N
MS;MATO GROSSO DO SUL;DEPUTADO ESTADUAL;120001598647;40000;DR WALBER;DEFERIDO;MASCULINO;BRANCA;N
MS;MATO GROSSO DO SUL;DEPUTADO ESTADUAL;120001615146;10111;THIAGO TRINDADE;DEFERIDO;MASCULINO;PARDA;N
MS;MATO GROSSO DO SUL;DEPUTADO ESTADUAL;120001651361;14510;FATIMA FIA QUEIROZ;DEFERIDO;FEMININO;PARDA;N
MS;MATO GROSSO DO SUL;DEPUTADO ESTADUAL;120001615678;27172;BISPA ADRIANA;DEFERIDO;FEMININO;PARDA;N
MS;MATO GROSSO DO SUL;DEPUTADO FEDERAL;120001675476;1449;ADRIANA MELO;DEFERIDO;FEMININO;BRANCA;N
MS;MATO GROSSO DO SUL;DEPUTADO FEDERAL;120001652593;6567;PROFESSORA IARA;DEFERIDO;FEMININO;INDÍGENA;N
MS;MATO GROSSO DO SUL;DEPUTADO ESTADUAL;120001615679;27555;CARLINHOS DO SAYONARA;DEFERIDO;MASCULINO;PARDA;N
MS;MATO GROSSO DO SUL;DEPUTADO ESTADUAL;120001651197;51777;LIDIO LOPES;DEFERIDO;MASCULINO;BRANCA;S
MS;MATO GROSSO DO SUL;DEPUTADO ESTADUAL;120001615134;10580;ZÉ CARLOS;DEFERIDO;MASCULINO;PRETA;N
MS;MATO GROSSO DO SUL;DEPUTADO FEDERAL;120001621516;2833;HANAUER;DEFERIDO;MASCULINO;BRANCA;N
MS;MATO GROSSO DO SUL;DEPUTADO ESTADUAL;120001614725;22762;RODRIGO COBRA;DEFERIDO;MASCULINO;BRANCA;N
MS;MATO GROSSO DO SUL;DEPUTADO FEDERAL;120001598295;5013;NEGUINHO DO FARIZEU;DEFERIDO;MASCULINO;PARDA;N
MS;MATO GROSSO DO SUL;DEPUTADO ESTADUAL;120001614729;22789;TENENTE NANTES;DEFERIDO;MASCULINO;PARDA;N
MS;MATO GROSSO DO SUL;DEPUTADO ESTADUAL;120001618543;77043;ANA BEATRIZ;DEFERIDO;FEMININO;PARDA;N
MS;MATO GROSSO DO SUL;DEPUTADO FEDERAL;120001598326;3001;PROF. EDUARDO FERRUFINO;DEFERIDO;MASCULINO;PARDA;N
MS;MATO GROSSO DO SUL;DEPUTADO ESTADUAL;120001597627;50333;DINÁ FREITAS;DEFERIDO;FEMININO;PRETA;N
MS;MATO GROSSO DO SUL;DEPUTADO ESTADUAL;120001597635;50222;PATURI;DEFERIDO;MASCULINO;PRETA;N
MS;MATO GROSSO DO SUL;DEPUTADO ESTADUAL;120001672857;70222;NEUZA MORENO;DEFERIDO;FEMININO;BRANCA;N
MS;MATO GROSSO DO SUL;DEPUTADO FEDERAL;120001652589;1313;ELIAS ISHY;DEFERIDO;MASCULINO;PRETA;N
MS;MATO GROSSO DO SUL;DEPUTADO ESTADUAL;120001652329;13999;WILSON MILHOMEM;DEFERIDO;MASCULINO;PARDA;N
MS;MATO GROSSO DO SUL;DEPUTADO ESTADUAL;120001652308;13699;ALBERTO INÁCIO LULA;DEFERIDO;MASCULINO;PARDA;N
MS;MATO GROSSO DO SUL;DEPUTADO FEDERAL;120001613405;1045;ISRAEL TERRA;DEFERIDO;MASCULINO;PARDA;N
MS;MATO GROSSO DO SUL;DEPUTADO ESTADUAL;120001618550;77077;BRUNO ORTIZ;DEFERIDO;MASCULINO;BRANCA;N
MS;MATO GROSSO DO SUL;DEPUTADO FEDERAL;120001672601;7038;JOSEANE GARCIA;DEFERIDO;FEMININO;BRANCA;N
MS;MATO GROSSO DO SUL;DEPUTADO ESTADUAL;120001652327;13003;LUCAS MEDEIROS;DEFERIDO;MASCULINO;BRANCA;N
MS;MATO GROSSO DO SUL;1º SUPLENTE;120001736650;368;ADRIANO BEZERRA;PENDENTE DE JULGAMENTO;MASCULINO;PARDA;N
MS;MATO GROSSO DO SUL;DEPUTADO ESTADUAL;120001648885;90013;LUZIA PEREIRA;INDEFERIDO;NÃO DIVULGÁVEL;NÃO DIVULGÁVEL;Não divulgável
MS;MATO GROSSO DO SUL;DEPUTADO ESTADUAL;120001597637;50983;LUSO;INDEFERIDO;MASCULINO;BRANCA;N
MS;MATO GROSSO DO SUL;DEPUTADO ESTADUAL;120001613595;45222;PAULO CORRÊA;DEFERIDO;MASCULINO;BRANCA;S
MS;MATO GROSSO DO SUL;DEPUTADO ESTADUAL;120001717691;90111;RAYANE GOUVEIA;DEFERIDO;FEMININO;BRANCA;N
MS;MATO GROSSO DO SUL;DEPUTADO ESTADUAL;120001643175;15111;SIMONE XUCRA;DEFERIDO;FEMININO;PARDA;N
MS;MATO GROSSO DO SUL;DEPUTADO ESTADUAL;120001614738;22000;NENO RAZUK;DEFERIDO;MASCULINO;BRANCA;S
MS;MATO GROSSO DO SUL;DEPUTADO ESTADUAL;120001613612;45067;MARCELO SALOMÃO;DEFERIDO;MASCULINO;BRANCA;N
MS;MATO GROSSO DO SUL;DEPUTADO ESTADUAL;120001613610;23614;PROFESSORA JOANITA;DEFERIDO;FEMININO;BRANCA;N
MS;MATO GROSSO DO SUL;2º SUPLENTE;120001609095;444;DEUSIMAR ALVES;INDEFERIDO;MASCULINO;PARDA;N
MS;MATO GROSSO DO SUL;DEPUTADO FEDERAL;120001598293;1867;BRAYAN CORREA;DEFERIDO;MASCULINO;PARDA;N
MS;MATO GROSSO DO SUL;DEPUTADO ESTADUAL;120001615141;10010;PASTOR JEREMIAS FLORES;DEFERIDO;MASCULINO;PARDA;N
MS;MATO GROSSO DO SUL;DEPUTADO ESTADUAL;120001606648;12112;PROFESSORA ROSE FARIAS;DEFERIDO;FEMININO;PARDA;N
MS;MATO GROSSO DO SUL;DEPUTADO ESTADUAL;120001646501;28022;SUBTENENTE MOTA;DEFERIDO;MASCULINO;BRANCA;N
MS;MATO GROSSO DO SUL;DEPUTADO ESTADUAL;120001615132;10200;IVANILDE;DEFERIDO;FEMININO;BRANCA;N
MS;MATO GROSSO DO SUL;DEPUTADO ESTADUAL;120001613588;45777;TARSILLA;DEFERIDO;FEMININO;BRANCA;N
MS;MATO GROSSO DO SUL;DEPUTADO ESTADUAL;120001643169;15500;IZAURI MACEDO;DEFERIDO;MASCULINO;PARDA;N
MS;MATO GROSSO DO SUL;DEPUTADO ESTADUAL;120001651184;51800;CABO SILVEIRA;INDEFERIDO;MASCULINO;BRANCA;N
MS;MATO GROSSO DO SUL;DEPUTADO ESTADUAL;120001651360;14333;CARMINHA SILVA TERENA;DEFERIDO;FEMININO;INDÍGENA;N
MS;MATO GROSSO DO SUL;DEPUTADO ESTADUAL;120001646500;28199;RENATO ARLIVRE;DEFERIDO;MASCULINO;BRANCA;N
MS;MATO GROSSO DO SUL;DEPUTADO ESTADUAL;120001609603;44777;DR JOÃO BUZOLI;DEFERIDO;MASCULINO;BRANCA;N
MS;MATO GROSSO DO SUL;DEPUTADO ESTADUAL;120001643178;15015;WILMA LARA;DEFERIDO;FEMININO;BRANCA;N
MS;MATO GROSSO DO SUL;DEPUTADO ESTADUAL;120001609600;44799;ELENIR MODESTO;DEFERIDO;FEMININO;PRETA;N
MS;MATO GROSSO DO SUL;DEPUTADO FEDERAL;120001598322;3033;DANI VIEBRANTZ;DEFERIDO;FEMININO;BRANCA;N
MS;MATO GROSSO DO SUL;DEPUTADO FEDERAL;120001596064;4040;DAGMAR CARPEZANI;DEFERIDO;MASCULINO;BRANCA;N
MS;MATO GROSSO DO SUL;DEPUTADO ESTADUAL;120001598651;40040;BUENO DA SAÚDE;DEFERIDO;MASCULINO;BRANCA;N
MS;MATO GROSSO DO SUL;DEPUTADO FEDERAL;120001612324;4567;DR. GERALDO RESENDE;DEFERIDO COM RECURSO;MASCULINO;BRANCA;N
MS;MATO GROSSO DO SUL;DEPUTADO ESTADUAL;120001650950;55755;SEL BARROS;DEFERIDO;FEMININO;PARDA;N
MS;MATO GROSSO DO SUL;DEPUTADO ESTADUAL;120001651178;51015;ELIANE BARBOSA;DEFERIDO;FEMININO;BRANCA;N
MS;MATO GROSSO DO SUL;DEPUTADO FEDERAL;120001649118;9099;RAQUEL VONSOSKI;INDEFERIDO;NÃO DIVULGÁVEL;NÃO DIVULGÁVEL;Não divulgável
MS;MATO GROSSO DO SUL;DEPUTADO FEDERAL;120001600672;7738;LINCOLN SAMÁ;DEFERIDO;MASCULINO;PARDA;N
MS;MATO GROSSO DO SUL;DEPUTADO ESTADUAL;120001672855;70444;ROMERO AVANTE;DEFERIDO;MASCULINO;PARDA;N
MS;MATO GROSSO DO SUL;DEPUTADO FEDERAL;120001718587;9009;DÉBORA IBRAHIM;RENÚNCIA;FEMININO;BRANCA;N
MS;MATO GROSSO DO SUL;DEPUTADO ESTADUAL;120001646512;28193;SUB CLÁUDIO SILVA;DEFERIDO;MASCULINO;PARDA;N
MS;MATO GROSSO DO SUL;VICE-GOVERNADOR;120001714228;28;BETO FIGUEIRÓ;DEFERIDO;MASCULINO;BRANCA;N
MS;MATO GROSSO DO SUL;2º SUPLENTE;120001611532;368;GEOVANDO BRAGA;DEFERIDO;MASCULINO;PARDA;N
MS;MATO GROSSO DO SUL;DEPUTADO FEDERAL;120001652590;4345;ELOÍLDO GAMA;DEFERIDO;MASCULINO;BRANCA;N
MS;MATO GROSSO DO SUL;DEPUTADO FEDERAL;120001621515;2838;VIVI TOBIAS;DEFERIDO;FEMININO;PRETA;N
MS;MATO GROSSO DO SUL;DEPUTADO FEDERAL;120001609237;4456;CORONEL VILLASANTI;DEFERIDO;MASCULINO;PARDA;N
MS;MATO GROSSO DO SUL;DEPUTADO ESTADUAL;120001646497;28280;DR JOÃO JACKSON;DEFERIDO;MASCULINO;BRANCA;N
MS;MATO GROSSO DO SUL;DEPUTADO ESTADUAL;120001615135;10555;NELSON SANTOS;DEFERIDO;MASCULINO;BRANCA;N
MS;MATO GROSSO DO SUL;DEPUTADO ESTADUAL;120001615148;10333;SEBASTIÃO CONCEIÇÃO;DEFERIDO;MASCULINO;BRANCA;N
MS;MATO GROSSO DO SUL;DEPUTADO ESTADUAL;120001643158;15123;DR LOESTER;DEFERIDO;MASCULINO;BRANCA;N
MS;MATO GROSSO DO SUL;DEPUTADO ESTADUAL;120001615769;19000;LENIR BRUNÃO;DEFERIDO;FEMININO;BRANCA;N
MS;MATO GROSSO DO SUL;DEPUTADO ESTADUAL;120001615777;19222;DANILO LUIZ;DEFERIDO;MASCULINO;INDÍGENA;N
MS;MATO GROSSO DO SUL;GOVERNADOR;120001618900;44;ROSE MODESTO;DEFERIDO;FEMININO;PARDA;N
MS;MATO GROSSO DO SUL;DEPUTADO ESTADUAL;120001606653;12012;MARIO KRUGER;DEFERIDO;MASCULINO;BRANCA;N
MS;MATO GROSSO DO SUL;DEPUTADO ESTADUAL;120001597633;50777;SILVANETE DE BRITO;DEFERIDO;FEMININO;PRETA;N
MS;MATO GROSSO DO SUL;DEPUTADO ESTADUAL;120001614721;22122;TEIXEIRA ESCOBAR;DEFERIDO;MASCULINO;BRANCA;N
MS;MATO GROSSO DO SUL;DEPUTADO ESTADUAL;120001597642;18999;PROF. ANDRE LUIS;DEFERIDO;MASCULINO;BRANCA;N
MS;MATO GROSSO DO SUL;DEPUTADO ESTADUAL;120001651185;51000;DANIEL JUNIOR;DEFERIDO;MASCULINO;BRANCA;N
MS;MATO GROSSO DO SUL;DEPUTADO ESTADUAL;120001615781;19777;VETERINÁRIO FRANCISCO;DEFERIDO;MASCULINO;BRANCA;N
MS;MATO GROSSO DO SUL;DEPUTADO FEDERAL;120001645937;1120;DR. EUDÉLIO;DEFERIDO;MASCULINO;BRANCA;N
MS;MATO GROSSO DO SUL;DEPUTADO ESTADUAL;120001643162;15555;JUNIOR MOCHI;DEFERIDO;MASCULINO;BRANCA;N
MS;MATO GROSSO DO SUL;DEPUTADO ESTADUAL;120001598644;40555;MARLON BRANDT;DEFERIDO;MASCULINO;BRANCA;N
MS;MATO GROSSO DO SUL;DEPUTADO ESTADUAL;120001651364;14234;LUZIMAR O POETA;DEFERIDO;MASCULINO;PARDA;N
MS;MATO GROSSO DO SUL;DEPUTADO ESTADUAL;120001645375;11789;ADRIANO BARRETO;DEFERIDO;MASCULINO;PARDA;N
MS;MATO GROSSO DO SUL;DEPUTADO FEDERAL;120001613406;1090;ENFERMEIRA CIDA AMARAL;DEFERIDO;FEMININO;PRETA;N
MS;MATO GROSSO DO SUL;DEPUTADO FEDERAL;120001613408;1077;MANOEL RODRIGUES;DEFERIDO;MASCULINO;BRANCA;N
MS;MATO GROSSO DO SUL;DEPUTADO ESTADUAL;120001615774;19989;BELL DO SALÃO;DEFERIDO;FEMININO;PARDA;N
MS;MATO GROSSO DO SUL;DEPUTADO ESTADUAL;120001618558;77190;EMERSON LINS ;DEFERIDO;MASCULINO;PARDA;N
MS;MATO GROSSO DO SUL;DEPUTADO FEDERAL;120001598292;1818;LYA JUSSARA COLETIVO;DEFERIDO;FEMININO;PARDA;N
MS;MATO GROSSO DO SUL;DEPUTADO ESTADUAL;120001652322;13333;CLARINEU NOGUEIRA;DEFERIDO;MASCULINO;PARDA;N
MS;MATO GROSSO DO SUL;DEPUTADO FEDERAL;120001649122;9009;DÉBORA IBRAHIM;INDEFERIDO;NÃO DIVULGÁVEL;NÃO DIVULGÁVEL;Não divulgável
MS;MATO GROSSO DO SUL;DEPUTADO ESTADUAL;120001643172;15800;DR DIOGO BOSSAY;DEFERIDO;MASCULINO;BRANCA;N
MS;MATO GROSSO DO SUL;DEPUTADO ESTADUAL;120001652320;13567;LINDOMAR;DEFERIDO;MASCULINO;PARDA;N
MS;MATO GROSSO DO SUL;DEPUTADO ESTADUAL;120001646503;28001;JULIANA ARANDA DA RU;DEFERIDO;FEMININO;BRANCA;N
MS;MATO GROSSO DO SUL;DEPUTADO FEDERAL;120001645938;1111;WALTER CARNEIRO JR;DEFERIDO;MASCULINO;BRANCA;N
MS;MATO GROSSO DO SUL;DEPUTADO ESTADUAL;120001609596;44163;CLEMENTINO BRITES;DEFERIDO;MASCULINO;PARDA;N
MS;MATO GROSSO DO SUL;DEPUTADO ESTADUAL;120001609592;44000;FARMACÊUTICA MÁRCIA SALDANHA;DEFERIDO;FEMININO;BRANCA;N
MS;MATO GROSSO DO SUL;DEPUTADO FEDERAL;120001613407;1000;CHIQUINHO ASSIS;DEFERIDO;MASCULINO;PARDA;N
MS;MATO GROSSO DO SUL;DEPUTADO FEDERAL;120001600676;7789;ROSE;DEFERIDO;FEMININO;BRANCA;N
MS;MATO GROSSO DO SUL;DEPUTADO FEDERAL;120001621513;2888;JULIANA GAIOSO MS;DEFERIDO;FEMININO;BRANCA;N
MS;MATO GROSSO DO SUL;DEPUTADO ESTADUAL;120001612046;36000;MÃE MARY DE XANGO;DEFERIDO;FEMININO;AMARELA;N
MS;MATO GROSSO DO SUL;DEPUTADO FEDERAL;120001606596;1234;ANGELA REGASSO;DEFERIDO;FEMININO;PARDA;N
MS;MATO GROSSO DO SUL;DEPUTADO ESTADUAL;120001615145;10101;MIRELLA BALLATORE;DEFERIDO;FEMININO;BRANCA;N
MS;MATO GROSSO DO SUL;DEPUTADO ESTADUAL;120001613596;45111;ROGERIO YURI;DEFERIDO;MASCULINO;BRANCA;N
MS;MATO GROSSO DO SUL;DEPUTADO FEDERAL;120001645935;1177;JOÃO RESENDE;DEFERIDO;MASCULINO;BRANCA;N
MS;MATO GROSSO DO SUL;DEPUTADO ESTADUAL;120001648879;90111;RAYANE GOUVEIA ;INDEFERIDO;NÃO DIVULGÁVEL;NÃO DIVULGÁVEL;Não divulgável
MS;MATO GROSSO DO SUL;DEPUTADO ESTADUAL;120001652324;43123;PROFESSORA ÉBNER;DEFERIDO;FEMININO;BRANCA;N
MS;MATO GROSSO DO SUL;DEPUTADO ESTADUAL;120001652330;13013;AMARILDO CRUZ;DEFERIDO;MASCULINO;PRETA;S
MS;MATO GROSSO DO SUL;DEPUTADO FEDERAL;120001614260;2211;RODOLFO NOGUEIRA;DEFERIDO;MASCULINO;BRANCA;N
MS;MATO GROSSO DO SUL;DEPUTADO ESTADUAL;120001646513;28000;EDUARDO CERZÓSIMO;DEFERIDO;MASCULINO;BRANCA;N
MS;MATO GROSSO DO SUL;DEPUTADO FEDERAL;120001606594;1267;JESSICA TORRES;DEFERIDO;FEMININO;PARDA;N
MS;MATO GROSSO DO SUL;DEPUTADO FEDERAL;120001718591;9099;RAQUEL VONSOSKI;DEFERIDO;FEMININO;BRANCA;N
MS;MATO GROSSO DO SUL;DEPUTADO ESTADUAL;120001650942;55800;SILVIO PITU;DEFERIDO;MASCULINO;PARDA;N
MS;MATO GROSSO DO SUL;DEPUTADO ESTADUAL;120001643170;15234;ISA SANTOS;DEFERIDO;FEMININO;BRANCA;N
MS;MATO GROSSO DO SUL;DEPUTADO ESTADUAL;120001606657;12321;PROFESSORA MARIA LAURA;DEFERIDO;FEMININO;PRETA;N
MS;MATO GROSSO DO SUL;DEPUTADO FEDERAL;120001621514;2899;THIAGO GREGO;DEFERIDO;MASCULINO;PARDA;N
MS;MATO GROSSO DO SUL;DEPUTADO ESTADUAL;120001614733;22024;TERUEL;DEFERIDO;MASCULINO;BRANCA;N
MS;MATO GROSSO DO SUL;DEPUTADO FEDERAL;120001613409;1088;SUELEN PASCOAL;DEFERIDO;FEMININO;BRANCA;N
MS;MATO GROSSO DO SUL;DEPUTADO ESTADUAL;120001598640;40045;LARISSA MARCA;DEFERIDO;FEMININO;BRANCA;N
MS;MATO GROSSO DO SUL;DEPUTADO ESTADUAL;120001646515;28008;CAMILA MONTEIRO;INDEFERIDO;FEMININO;BRANCA;N
MS;MATO GROSSO DO SUL;1º SUPLENTE;120001596895;500;MARCIO BENITES;INDEFERIDO COM RECURSO;MASCULINO;BRANCA;N
MS;MATO GROSSO DO SUL;DEPUTADO ESTADUAL;120001651366;14111;JULIE ABUHASSAN;DEFERIDO;FEMININO;BRANCA;N
MS;MATO GROSSO DO SUL;DEPUTADO ESTADUAL;120001597634;18018;EVA SANTOS;DEFERIDO;FEMININO;PARDA;N
MS;MATO GROSSO DO SUL;DEPUTADO FEDERAL;120001636655;1567;DR JAMAL;RENÚNCIA;MASCULINO;PARDA;N
MS;MATO GROSSO DO SUL;DEPUTADO FEDERAL;120001613513;1988;DIONE HASHIOKA;DEFERIDO;FEMININO;BRANCA;N
MS;MATO GROSSO DO SUL;DEPUTADO ESTADUAL;120001650958;55055;LOURDES COPEIRA CORAÇÃO;DEFERIDO;FEMININO;PARDA;N
MS;MATO GROSSO DO SUL;DEPUTADO FEDERAL;120001650735;5511;JUNIOR CORINGA;DEFERIDO;MASCULINO;PRETA;N
MS;MATO GROSSO DO SUL;DEPUTADO ESTADUAL;120001643159;15000;MARCIO FERNANDES;DEFERIDO;MASCULINO;BRANCA;S
MS;MATO GROSSO DO SUL;DEPUTADO ESTADUAL;120001614722;22666;MAZINHO DO CARVÃO;DEFERIDO;MASCULINO;PARDA;N
MS;MATO GROSSO DO SUL;DEPUTADO ESTADUAL;120001606664;12006;FERNANDA COLETIVO MÃOS DADAS;DEFERIDO;FEMININO;PARDA;N
MS;MATO GROSSO DO SUL;DEPUTADO ESTADUAL;120001609591;44444;MAISA UEMURA;RENÚNCIA;FEMININO;AMARELA;N
MS;MATO GROSSO DO SUL;DEPUTADO ESTADUAL;120001650961;55500;RIBEIRO;DEFERIDO;MASCULINO;BRANCA;N
MS;MATO GROSSO DO SUL;DEPUTADO ESTADUAL;120001609595;44111;PATRÍCIA DA SAÚDE;RENÚNCIA;FEMININO;PARDA;N
MS;MATO GROSSO DO SUL;DEPUTADO FEDERAL;120001613404;1023;GILMAR DA CRUZ;DEFERIDO;MASCULINO;BRANCA;N
MS;MATO GROSSO DO SUL;DEPUTADO ESTADUAL;120001597625;18677;SAMELLA VALLE;DEFERIDO;FEMININO;PARDA;N
MS;MATO GROSSO DO SUL;DEPUTADO ESTADUAL;120001650952;55666;DR JORGE;INDEFERIDO COM RECURSO;MASCULINO;BRANCA;N
MS;MATO GROSSO DO SUL;DEPUTADO ESTADUAL;120001650955;55067;ANDRÉ LACERDA;DEFERIDO;MASCULINO;BRANCA;N
MS;MATO GROSSO DO SUL;DEPUTADO ESTADUAL;120001606652;12190;CAFÉ;DEFERIDO;MASCULINO;PARDA;N
MS;MATO GROSSO DO SUL;DEPUTADO ESTADUAL;120001672854;70022;ERICK GONÇALVES;DEFERIDO;MASCULINO;PARDA;N
MS;MATO GROSSO DO SUL;DEPUTADO ESTADUAL;120001618540;77789;GISLAINE LANDVOIGT;DEFERIDO;FEMININO;BRANCA;N
MS;MATO GROSSO DO SUL;DEPUTADO FEDERAL;120001611826;3680;MESSIAS DE SOUZA;DEFERIDO;MASCULINO;PARDA;N
MS;MATO GROSSO DO SUL;DEPUTADO ESTADUAL;120001650948;55333;BOMBEIRO CAPITÃO ADELSON;DEFERIDO;MASCULINO;PRETA;N
MS;MATO GROSSO DO SUL;DEPUTADO FEDERAL;120001650739;5544;JAMEIRE SANTOS;DEFERIDO;FEMININO;PARDA;N
MS;MATO GROSSO DO SUL;DEPUTADO ESTADUAL;120001645384;11211;FABRICIA DIAS;DEFERIDO;FEMININO;BRANCA;N
MS;MATO GROSSO DO SUL;DEPUTADO FEDERAL;120001675475;1456; RENATA LACERDA;DEFERIDO;FEMININO;BRANCA;N
MS;MATO GROSSO DO SUL;DEPUTADO ESTADUAL;120001609598;44567;REINALDO KASTANHA;DEFERIDO;MASCULINO;PARDA;N
MS;MATO GROSSO DO SUL;DEPUTADO ESTADUAL;120001618546;77700;FERNANDO PÃO;DEFERIDO;MASCULINO;PARDA;N
MS;MATO GROSSO DO SUL;DEPUTADO ESTADUAL;120001615767;19190;RAISSA LOPES;DEFERIDO;FEMININO;BRANCA;N
MS;MATO GROSSO DO SUL;DEPUTADO ESTADUAL;120001652312;13111;ZECA DO PT;DEFERIDO;MASCULINO;BRANCA;N
MS;MATO GROSSO DO SUL;DEPUTADO ESTADUAL;120001717697;90790;JONAS NOGUEIRA;DEFERIDO;MASCULINO;PRETA;N
MS;MATO GROSSO DO SUL;DEPUTADO FEDERAL;120001609239;4477;JOÃO LUCAS;DEFERIDO;MASCULINO;BRANCA;N
MS;MATO GROSSO DO SUL;DEPUTADO ESTADUAL;120001615763;19444;GISLENE VALEJO;DEFERIDO;FEMININO;PARDA;N
MS;MATO GROSSO DO SUL;DEPUTADO FEDERAL;120001600673;7700;MARILÉA ELIAS;DEFERIDO;FEMININO;BRANCA;N
MS;MATO GROSSO DO SUL;DEPUTADO FEDERAL;120001645940;1100;DRA. SIRLEI RATIER;DEFERIDO;FEMININO;BRANCA;N
MS;MATO GROSSO DO SUL;DEPUTADO ESTADUAL;120001613607;45345;KARLA MELO COLETIVO SOMOS;DEFERIDO;FEMININO;BRANCA;N
MS;MATO GROSSO DO SUL;DEPUTADO ESTADUAL;120001615680;27123;JEFFERSON ARAUJO;DEFERIDO;MASCULINO;BRANCA;N
MS;MATO GROSSO DO SUL;DEPUTADO ESTADUAL;120001609602;44190;SUBTENENTE JACKSON;DEFERIDO;MASCULINO;BRANCA;N
MS;MATO GROSSO DO SUL;DEPUTADO ESTADUAL;120001643154;15321;AMERICO NICOLATTI;DEFERIDO;MASCULINO;BRANCA;N
MS;MATO GROSSO DO SUL;DEPUTADO FEDERAL;120001613515;1969;FLÁVIO CABO ALMI;DEFERIDO;MASCULINO;BRANCA;N
MS;MATO GROSSO DO SUL;DEPUTADO ESTADUAL;120001614736;22234;LUCIO LAGEMANN;DEFERIDO;MASCULINO;BRANCA;N
MS;MATO GROSSO DO SUL;DEPUTADO FEDERAL;120001652591;1333;GRAZI SOARES;DEFERIDO;FEMININO;PRETA;N
MS;MATO GROSSO DO SUL;DEPUTADO FEDERAL;120001645936;1140;MÁRCIO ARAGUAIA ;DEFERIDO;MASCULINO;BRANCA;N
MS;MATO GROSSO DO SUL;DEPUTADO FEDERAL;120001611828;3626;VITORIA MEDEIROS;DEFERIDO;FEMININO;PARDA;N
MS;MATO GROSSO DO SUL;DEPUTADO FEDERAL;120001613510;1920;WILSON MATOS;DEFERIDO;MASCULINO;INDÍGENA;N
MS;MATO GROSSO DO SUL;DEPUTADO FEDERAL;120001612325;4555;KELIANA FERNANDES;DEFERIDO;FEMININO;BRANCA;N
MS;MATO GROSSO DO SUL;DEPUTADO FEDERAL;120001612328;4522;CORONEL NEIDY;DEFERIDO;FEMININO;PARDA;N
MS;MATO GROSSO DO SUL;DEPUTADO ESTADUAL;120001598635;40489;PAULINHA DO POVO;DEFERIDO;FEMININO;PARDA;N
MS;MATO GROSSO DO SUL;DEPUTADO FEDERAL;120001614259;2288;DURÃES;DEFERIDO;MASCULINO;PARDA;N
MS;MATO GROSSO DO SUL;DEPUTADO ESTADUAL;120001646496;28999;IARA DINIZ;DEFERIDO;FEMININO;BRANCA;N
MS;MATO GROSSO DO SUL;DEPUTADO ESTADUAL;120001613589;45555;WILLIAM MEIRA;DEFERIDO;MASCULINO;PRETA;N
MS;MATO GROSSO DO SUL;VICE-GOVERNADOR;120001649553;55;DRA VIVIANE ORRO;DEFERIDO;FEMININO;BRANCA;N
MS;MATO GROSSO DO SUL;DEPUTADO ESTADUAL;120001717696;90444;JURA DO LEON;DEFERIDO;MASCULINO;BRANCA;N
MS;MATO GROSSO DO SUL;DEPUTADO ESTADUAL;120001646514;28207;LILIAN SAAB;DEFERIDO;FEMININO;BRANCA;N
MS;MATO GROSSO DO SUL;DEPUTADO ESTADUAL;120001652323;13789;ADRIANE QUILOMBOLA;DEFERIDO;FEMININO;PRETA;N
MS;MATO GROSSO DO SUL;DEPUTADO ESTADUAL;120001651376;14123;HÉLIO GOMES;DEFERIDO;MASCULINO;PARDA;N
MS;MATO GROSSO DO SUL;DEPUTADO ESTADUAL;120001609606;44234;SEBASTIÃO RONEI;DEFERIDO;MASCULINO;BRANCA;N
MS;MATO GROSSO DO SUL;DEPUTADO ESTADUAL;120001651188;51051;MAJOR DR SANDRO;DEFERIDO;MASCULINO;PARDA;N
MS;MATO GROSSO DO SUL;DEPUTADO ESTADUAL;120001614734;22100;RAQUELLE TRUTIS;DEFERIDO;FEMININO;BRANCA;N
MS;MATO GROSSO DO SUL;DEPUTADO ESTADUAL;120001615762;19100;GABRIELA PIMENTA;DEFERIDO;FEMININO;PARDA;N
MS;MATO GROSSO DO SUL;DEPUTADO ESTADUAL;120001646507;28123;DOUGLAS BRITO;DEFERIDO;MASCULINO;BRANCA;N
MS;MATO GROSSO DO SUL;DEPUTADO ESTADUAL;120001615142;10777;BETINHO;DEFERIDO;MASCULINO;PARDA;N
MS;MATO GROSSO DO SUL;DEPUTADO ESTADUAL;120001725985;51100;JOVANI;RENÚNCIA;MASCULINO;BRANCA;N
MS;MATO GROSSO DO SUL;DEPUTADO ESTADUAL;120001609585;44222;DOUTOR SABATEL;DEFERIDO;MASCULINO;BRANCA;N
MS;MATO GROSSO DO SUL;DEPUTADO ESTADUAL;120001612036;36160;SOU GALÃ;INDEFERIDO;MASCULINO;BRANCA;N
MS;MATO GROSSO DO SUL;GOVERNADOR;120001635628;45;EDUARDO RIEDEL;DEFERIDO;MASCULINO;BRANCA;N
MS;MATO GROSSO DO SUL;DEPUTADO FEDERAL;120001600674;7797;MILTINHO VIANA;INDEFERIDO;MASCULINO;PARDA;N
MS;MATO GROSSO DO SUL;DEPUTADO ESTADUAL;120001609593;44044;CÍCERA PEREIRA;DEFERIDO;FEMININO;BRANCA;N
MS;MATO GROSSO DO SUL;DEPUTADO FEDERAL;120001621512;2867;SUBOFICIAL FLAVIA;DEFERIDO;FEMININO;PRETA;N
MS;MATO GROSSO DO SUL;DEPUTADO FEDERAL;120001612326;4599;PROFESSOR JUARI;DEFERIDO;MASCULINO;BRANCA;N
MS;MATO GROSSO DO SUL;DEPUTADO ESTADUAL;120001648883;90444;JURA DO LEON;INDEFERIDO;NÃO DIVULGÁVEL;NÃO DIVULGÁVEL;Não divulgável
MS;MATO GROSSO DO SUL;DEPUTADO ESTADUAL;120001651371;14100;VALDEMAR MORAES;DEFERIDO;MASCULINO;BRANCA;N
MS;MATO GROSSO DO SUL;DEPUTADO FEDERAL;120001645932;1123;PROFESSOR JOÃO ROCHA;DEFERIDO;MASCULINO;BRANCA;N
MS;MATO GROSSO DO SUL;DEPUTADO ESTADUAL;120001615144;10150;PASTORA LILIAN;DEFERIDO;FEMININO;BRANCA;N
MS;MATO GROSSO DO SUL;DEPUTADO ESTADUAL;120001646520;28888;RAQUEL PORTIOLI;DEFERIDO;FEMININO;BRANCA;N
MS;MATO GROSSO DO SUL;DEPUTADO ESTADUAL;120001613593;45333;REGINALDO NENÊ;DEFERIDO;MASCULINO;PRETA;N
MS;MATO GROSSO DO SUL;DEPUTADO ESTADUAL;120001651378;14444;OTÁVIO FIGUEIRÓ;DEFERIDO;MASCULINO;BRANCA;N
MS;MATO GROSSO DO SUL;DEPUTADO ESTADUAL;120001650951;55335;SHEYLA CORTEZ;DEFERIDO;FEMININO;PARDA;N
MS;MATO GROSSO DO SUL;DEPUTADO ESTADUAL;120001615766;19789;CLEDINALDO COTOCIO;DEFERIDO;MASCULINO;INDÍGENA;N
MS;MATO GROSSO DO SUL;DEPUTADO ESTADUAL;120001672862;70400;BETO ARAUJO;INDEFERIDO COM RECURSO;MASCULINO;BRANCA;N
MS;MATO GROSSO DO SUL;DEPUTADO FEDERAL;120001732908;1577;PROFESSORA ZU;DEFERIDO;FEMININO;BRANCA;N
MS;MATO GROSSO DO SUL;DEPUTADO ESTADUAL;120001643166;15022;DR AUGUSTO CRUZ;DEFERIDO;MASCULINO;BRANCA;N
MS;MATO GROSSO DO SUL;DEPUTADO FEDERAL;120001675474;1458;KLEYTON VIGILANTE;DEFERIDO;MASCULINO;PRETA;N
MS;MATO GROSSO DO SUL;GOVERNADOR;120001649554;55;MARQUINHOS TRAD;DEFERIDO;MASCULINO;BRANCA;N
MS;MATO GROSSO DO SUL;DEPUTADO ESTADUAL;120001645376;11000;MARÇAL FILHO;DEFERIDO;MASCULINO;PARDA;S
MS;MATO GROSSO DO SUL;DEPUTADO ESTADUAL;120001613611;45001;PROFESSOR MARCELO MIRANDA;DEFERIDO;MASCULINO;PARDA;N
MS;MATO GROSSO DO SUL;DEPUTADO ESTADUAL;120001646498;28010;TENENTE MARCILIO;DEFERIDO;MASCULINO;BRANCA;N
MS;MATO GROSSO DO SUL;DEPUTADO ESTADUAL;120001609601;44544;PASTOR MAURO ORTIZ;DEFERIDO;MASCULINO;BRANCA;N
MS;MATO GROSSO DO SUL;DEPUTADO ESTADUAL;120001646506;28223;FRANK VALDEZ;DEFERIDO;MASCULINO;PRETA;N
MS;MATO GROSSO DO SUL;DEPUTADO FEDERAL;120001649120;9064;CAPITÃO AIRTON;INDEFERIDO;NÃO DIVULGÁVEL;NÃO DIVULGÁVEL;Não divulgável
