SG_UF;NM_UE;DS_CARGO;SQ_CANDIDATO;NR_CANDIDATO;NM_URNA_CANDIDATO;DS_DETALHE_SITUACAO_CAND;NR_PARTIDO;SG_PARTIDO;DS_GENERO;DS_COR_RACA;ST_REELEICAO
SE;SERGIPE;DEPUTADO ESTADUAL;260001712259;22666;GIVALDO GARÇÃO;DEFERIDO;22;PL;MASCULINO;BRANCA;N
SE;SERGIPE;DEPUTADO ESTADUAL;260001728382;33400;TIA LÚ;DEFERIDO;33;PMN;FEMININO;PARDA;N
SE;SERGIPE;DEPUTADO ESTADUAL;260001618236;10333;FABIO DE DR JUNIOR CHAGAS;DEFERIDO;10;REPUBLICANOS;MASCULINO;PARDA;N
SE;SERGIPE;DEPUTADO ESTADUAL;260001644224;11333;ANDRÉA TENENTE MIGUEZ;DEFERIDO;11;PP;FEMININO;PARDA;N
SE;SERGIPE;DEPUTADO ESTADUAL;260001646924;44000;MISAEL DANTAS;DEFERIDO;44;UNIÃO;MASCULINO;BRANCA;N
SE;SERGIPE;2º SUPLENTE;260001666589;404;EMANUEL OLIVEIRA;DEFERIDO;43;PV;MASCULINO;BRANCA;N
SE;SERGIPE;DEPUTADO ESTADUAL;260001618239;10190;TEN CORONEL TOTA;DEFERIDO;10;REPUBLICANOS;MASCULINO;PRETA;N
SE;SERGIPE;DEPUTADO ESTADUAL;260001646919;44321;JUNIOR VALADARES;DEFERIDO;44;UNIÃO;MASCULINO;PARDA;N
SE;SERGIPE;DEPUTADO ESTADUAL;260001738593;80123;MARA MULHERES ANTIFA;INDEFERIDO COM RECURSO;80;UP;FEMININO;PARDA;N
SE;SERGIPE;DEPUTADO ESTADUAL;260001731741;55255;VAL;DEFERIDO;55;PSD;FEMININO;PARDA;N
SE;SERGIPE;DEPUTADO ESTADUAL;260001646659;27555;ALFANINA;DEFERIDO;27;DC;FEMININO;BRANCA;N
SE;SERGIPE;DEPUTADO FEDERAL;260001636665;5012;DIMAS CORRETOR;DEFERIDO;50;PSOL;MASCULINO;PARDA;N
SE;SERGIPE;DEPUTADO FEDERAL;260001602622;1910;CHINA DA BORRACHARIA;DEFERIDO;19;PODE;MASCULINO;PRETA;N
SE;SERGIPE;DEPUTADO ESTADUAL;260001669084;40369;MIGUEL REAL;DEFERIDO;40;PSB;MASCULINO;PARDA;N
SE;SERGIPE;DEPUTADO FEDERAL;260001633059;1199;CORAÇÃO VALENTE;DEFERIDO;11;PP;MASCULINO;PARDA;N
SE;SERGIPE;DEPUTADO ESTADUAL;260001644522;15193;NEYME MATEUS;DEFERIDO;15;MDB;MASCULINO;PARDA;N
SE;SERGIPE;1º SUPLENTE;260001732745;161;PAULO;DEFERIDO;16;PSTU;MASCULINO;PARDA;N
SE;SERGIPE;DEPUTADO ESTADUAL;260001712731;51555;JP;DEFERIDO;51;PATRIOTA;MASCULINO;PARDA;N
SE;SERGIPE;DEPUTADO FEDERAL;260001711986;2929;IUÇARA PEREIRA;INDEFERIDO;29;PCO;FEMININO;AMARELA;N
SE;SERGIPE;DEPUTADO ESTADUAL;260001669431;12111;GARIBALDE;DEFERIDO;12;PDT;MASCULINO;BRANCA;S
SE;SERGIPE;DEPUTADO ESTADUAL;260001711842;14444;PASTOR ALLYSON O SONHADOR;DEFERIDO;14;PTB;MASCULINO;PRETA;N
SE;SERGIPE;DEPUTADO ESTADUAL;260001668321;13113;ENG PROF ULYSSES CRUZ;DEFERIDO;13;PT;MASCULINO;BRANCA;N
SE;SERGIPE;DEPUTADO ESTADUAL;260001669094;40134;IOLANDA DE PORFIRIO;INDEFERIDO;40;PSB;FEMININO;BRANCA;N
SE;SERGIPE;VICE-GOVERNADOR;260001738721;16;CARLOS DOS SANTOS;PENDENTE DE JULGAMENTO;16;PSTU;MASCULINO;PARDA;N
SE;SERGIPE;DEPUTADO ESTADUAL;260001692883;90333;RICARDINHO LABAFERO;DEFERIDO;90;PROS;MASCULINO;PARDA;N
SE;SERGIPE;DEPUTADO ESTADUAL;260001712256;22100;ITAMAR ALVES;DEFERIDO;22;PL;MASCULINO;PRETA;N
SE;SERGIPE;DEPUTADO FEDERAL;260001602621;1911;DRA LAZARA;DEFERIDO;19;PODE;FEMININO;BRANCA;N
SE;SERGIPE;DEPUTADO FEDERAL;260001691565;3344;SANDRA LIMA;DEFERIDO;33;PMN;FEMININO;PARDA;N
SE;SERGIPE;DEPUTADO ESTADUAL;260001691819;33456;GEOVANIO CELESTINO;DEFERIDO;33;PMN;MASCULINO;PARDA;N
SE;SERGIPE;DEPUTADO ESTADUAL;260001737728;80000;RODRIGO CERQUEIRA;INDEFERIDO COM RECURSO;80;UP;MASCULINO;PRETA;N
SE;SERGIPE;DEPUTADO FEDERAL;260001668630;4013;TATHIANE ARAUJO;DEFERIDO;40;PSB;FEMININO;BRANCA;N
SE;SERGIPE;DEPUTADO ESTADUAL;260001646923;44577;PASTORA MARLETE;DEFERIDO;44;UNIÃO;FEMININO;PARDA;N
SE;SERGIPE;DEPUTADO ESTADUAL;260001644236;11007;JETER ANDRADE;DEFERIDO;11;PP;MASCULINO;BRANCA;N
SE;SERGIPE;DEPUTADO ESTADUAL;260001668318;13999;CLARA SUKITA;DEFERIDO;13;PT;FEMININO;PARDA;N
SE;SERGIPE;DEPUTADO ESTADUAL;260001602610;19000;PROFESSORA ADRIANA LEITE;DEFERIDO;19;PODE;FEMININO;PARDA;N
SE;SERGIPE;DEPUTADO ESTADUAL;260001602612;19100;GOMES TECNÓLOGOS TERAPÊUTAS;DEFERIDO;19;PODE;MASCULINO;PARDA;N
SE;SERGIPE;DEPUTADO FEDERAL;260001600236;2333;LEANDRO MURAD;DEFERIDO;23;CIDADANIA;MASCULINO;BRANCA;N
SE;SERGIPE;DEPUTADO ESTADUAL;260001602611;19777;CANTORA DÉBORA CRISTIANE;DEFERIDO;19;PODE;FEMININO;BRANCA;N
SE;SERGIPE;DEPUTADO ESTADUAL;260001712267;22456;PEDRO FIRMINO;DEFERIDO;22;PL;MASCULINO;BRANCA;N
SE;SERGIPE;DEPUTADO FEDERAL;260001618174;1007;SGT BYRON ESTRELAS DO MAR;DEFERIDO;10;REPUBLICANOS;MASCULINO;PRETA;N
SE;SERGIPE;DEPUTADO ESTADUAL;260001712725;51877;DJ JHESSY;DEFERIDO;51;PATRIOTA;FEMININO;PRETA;N
SE;SERGIPE;DEPUTADO ESTADUAL;260001669434;12012;AMENDOIM;DEFERIDO;12;PDT;MASCULINO;PARDA;N
SE;SERGIPE;DEPUTADO ESTADUAL;260001669440;12666;VANESSA SILVA;DEFERIDO;12;PDT;FEMININO;BRANCA;N
SE;SERGIPE;DEPUTADO FEDERAL;260001644382;1520;EDER MATOS;DEFERIDO;15;MDB;MASCULINO;PARDA;N
SE;SERGIPE;DEPUTADO FEDERAL;260001619667;5505;DELEGADA KATARINA;DEFERIDO;55;PSD;FEMININO;BRANCA;N
SE;SERGIPE;DEPUTADO ESTADUAL;260001644229;11193;SARGENTO ROBSON;DEFERIDO;11;PP;MASCULINO;PARDA;N
SE;SERGIPE;DEPUTADO ESTADUAL;260001711844;14100;EVERTON RODRIGUES;DEFERIDO;14;PTB;MASCULINO;PARDA;N
SE;SERGIPE;DEPUTADO FEDERAL;260001635580;7777;CHICO LIMA;RENÚNCIA;77;SOLIDARIEDADE;MASCULINO;BRANCA;N
SE;SERGIPE;DEPUTADO FEDERAL;260001644946;2700;ELOI;DEFERIDO;27;DC;MASCULINO;PRETA;N
SE;SERGIPE;DEPUTADO ESTADUAL;260001646907;44747;ELAINE DE NEGÃO;DEFERIDO;44;UNIÃO;FEMININO;PARDA;N
SE;SERGIPE;DEPUTADO ESTADUAL;260001646928;44155;ERNAN SENA;DEFERIDO;44;UNIÃO;MASCULINO;BRANCA;N
SE;SERGIPE;DEPUTADO ESTADUAL;260001644521;15123;CIENE DO CASTELO BRANCO;DEFERIDO;15;MDB;FEMININO;PARDA;N
SE;SERGIPE;DEPUTADO FEDERAL;260001646382;4422;GEDALVA UMBAUBÁ;DEFERIDO;44;UNIÃO;FEMININO;PARDA;N
SE;SERGIPE;DEPUTADO FEDERAL;260001713564;2220;LÍCIA MELO;INDEFERIDO COM RECURSO;22;PL;FEMININO;PARDA;N
SE;SERGIPE;DEPUTADO ESTADUAL;260001669079;40333;BÊTA;DEFERIDO;40;PSB;MASCULINO;PARDA;N
SE;SERGIPE;DEPUTADO ESTADUAL;260001669451;12100;RANULFO;DEFERIDO;12;PDT;MASCULINO;PARDA;N
SE;SERGIPE;DEPUTADO FEDERAL;260001670201;1200;ASTROGILDO DA FARMACIA;DEFERIDO;12;PDT;MASCULINO;BRANCA;N
SE;SERGIPE;DEPUTADO ESTADUAL;260001644231;11123;LUCIANO PIMENTEL;DEFERIDO;11;PP;MASCULINO;PARDA;N
SE;SERGIPE;DEPUTADO ESTADUAL;260001711847;14555;MISSIONARIA TATYANE;DEFERIDO;14;PTB;FEMININO;PRETA;N
SE;SERGIPE;DEPUTADO FEDERAL;260001602617;1930;ADRIANA MALLEZAN;DEFERIDO;19;PODE;FEMININO;PRETA;N
SE;SERGIPE;DEPUTADO FEDERAL;260001713934;5190;SARGENTO VALFRAN;DEFERIDO;51;PATRIOTA;MASCULINO;PARDA;N
SE;SERGIPE;DEPUTADO FEDERAL;260001646381;4412;ELIANA DA SOPA;DEFERIDO;44;UNIÃO;FEMININO;PRETA;N
SE;SERGIPE;DEPUTADO FEDERAL;260001737580;2244;ICARO DE VALMIR;PENDENTE DE JULGAMENTO;22;PL;MASCULINO;PARDA;N
SE;SERGIPE;DEPUTADO ESTADUAL;260001636123;50000;GIGI POETISA;DEFERIDO;50;PSOL;FEMININO;PRETA;N
SE;SERGIPE;SENADOR;260001691281;161;HERALDO GOES;DEFERIDO;16;PSTU;MASCULINO;PARDA;N
SE;SERGIPE;DEPUTADO ESTADUAL;260001712720;51333;CLEVSON DO BIKE ROUBADA;DEFERIDO;51;PATRIOTA;MASCULINO;PARDA;N
SE;SERGIPE;DEPUTADO FEDERAL;260001691562;3300;PROFESSOR PIMPIM;DEFERIDO;33;PMN;MASCULINO;PARDA;N
SE;SERGIPE;DEPUTADO ESTADUAL;260001691811;33700;TANISE PIRES;DEFERIDO;33;PMN;FEMININO;BRANCA;N
SE;SERGIPE;DEPUTADO FEDERAL;260001633056;1111;CAPITÃO SAMUEL;DEFERIDO;11;PP;MASCULINO;PARDA;N
SE;SERGIPE;DEPUTADO ESTADUAL;260001646926;44789;WILLIAMS MALA;DEFERIDO;44;UNIÃO;MASCULINO;PARDA;N
SE;SERGIPE;DEPUTADO ESTADUAL;260001644220;11011;JAIRO DE GLÓRIA;DEFERIDO;11;PP;MASCULINO;PARDA;N
SE;SERGIPE;SENADOR;260001693738;222;DR. EDUARDO AMORIM;DEFERIDO;22;PL;MASCULINO;BRANCA;N
SE;SERGIPE;DEPUTADO FEDERAL;260001670200;1213;CRISTIANO PRIME;DEFERIDO;12;PDT;MASCULINO;PRETA;N
SE;SERGIPE;DEPUTADO ESTADUAL;260001646922;44333;MARCELO SILVA;DEFERIDO;44;UNIÃO;MASCULINO;PARDA;N
SE;SERGIPE;DEPUTADO ESTADUAL;260001602607;19876;ELAINE ALMEIDA;DEFERIDO;19;PODE;FEMININO;PARDA;N
SE;SERGIPE;1º SUPLENTE;260001600750;190;EZEQUIEL LEITE;DEFERIDO;45;PSDB;MASCULINO;BRANCA;N
SE;SERGIPE;DEPUTADO ESTADUAL;260001691808;33555;MATOS;DEFERIDO;33;PMN;MASCULINO;BRANCA;N
SE;SERGIPE;DEPUTADO FEDERAL;260001667971;1369;BAGADAL;DEFERIDO;13;PT;MASCULINO;PARDA;N
SE;SERGIPE;DEPUTADO FEDERAL;260001600235;4545;DANIEL MAX;DEFERIDO;45;PSDB;MASCULINO;PRETA;N
SE;SERGIPE;DEPUTADO FEDERAL;260001667970;6566;ANDREA MODESTO;DEFERIDO;65;PC do B;FEMININO;BRANCA;N
SE;SERGIPE;DEPUTADO FEDERAL;260001713931;5122;DORINHA DO QUEIJO;DEFERIDO;51;PATRIOTA;MASCULINO;BRANCA;N
SE;SERGIPE;DEPUTADO ESTADUAL;260001669433;12420;FABIO ET;DEFERIDO;12;PDT;MASCULINO;PARDA;N
SE;SERGIPE;DEPUTADO ESTADUAL;260001646927;44022;LUIZAO DONA TRAMPI;DEFERIDO;44;UNIÃO;MASCULINO;PARDA;N
SE;SERGIPE;DEPUTADO ESTADUAL;260001602596;19200;FERNANDA SOUZA ;DEFERIDO;19;PODE;FEMININO;PARDA;N
SE;SERGIPE;DEPUTADO ESTADUAL;260001668316;65100;IVANIA;DEFERIDO;65;PC do B;FEMININO;BRANCA;N
SE;SERGIPE;DEPUTADO ESTADUAL;260001691816;33444;ALOIZIO DA SAÚDE;DEFERIDO;33;PMN;MASCULINO;PARDA;N
SE;SERGIPE;VICE-GOVERNADOR;260001737816;16;LEO;RENÚNCIA;16;PSTU;MASCULINO;PARDA;N
SE;SERGIPE;DEPUTADO ESTADUAL;260001602595;19922;EVALDO CAMPOS;DEFERIDO;19;PODE;MASCULINO;BRANCA;N
SE;SERGIPE;DEPUTADO ESTADUAL;260001602599;19888;KEL GUIMARÃES;DEFERIDO;19;PODE;FEMININO;PARDA;N
SE;SERGIPE;DEPUTADO ESTADUAL;260001692884;90000;JOÃO MARINHO;DEFERIDO;90;PROS;MASCULINO;BRANCA;N
SE;SERGIPE;DEPUTADO ESTADUAL;260001602603;19190;DRA. ALYNE ALMEIDA;DEFERIDO;19;PODE;FEMININO;BRANCA;N
SE;SERGIPE;DEPUTADO ESTADUAL;260001636117;50111;DR. GILSON;DEFERIDO;50;PSOL;MASCULINO;PRETA;N
SE;SERGIPE;GOVERNADOR;260001692378;90;JORGE ALBERTO;RENÚNCIA;90;PROS;MASCULINO;BRANCA;N
SE;SERGIPE;DEPUTADO ESTADUAL;260001646668;27800;LARISSA SANTANA;DEFERIDO;27;DC;FEMININO;PRETA;N
SE;SERGIPE;DEPUTADO FEDERAL;260001670198;1210;FREI EDSON LUIZ;DEFERIDO;12;PDT;MASCULINO;BRANCA;N
SE;SERGIPE;DEPUTADO FEDERAL;260001632572;8080;VAGNER GASTÃO;DEFERIDO;80;UP;MASCULINO;PARDA;N
SE;SERGIPE;DEPUTADO ESTADUAL;260001636408;55777;JORGINHO ARAUJO;DEFERIDO;55;PSD;MASCULINO;BRANCA;N
SE;SERGIPE;DEPUTADO FEDERAL;260001619666;5500;ALEXANDRE FIGUEIREDO;DEFERIDO;55;PSD;MASCULINO;BRANCA;S
SE;SERGIPE;DEPUTADO FEDERAL;260001644947;2728;GILVAN BISPO;DEFERIDO;27;DC;MASCULINO;BRANCA;N
SE;SERGIPE;DEPUTADO ESTADUAL;260001617963;80123;ALLANA ANTIFA;INDEFERIDO;80;UP;FEMININO;PARDA;N
SE;SERGIPE;DEPUTADO FEDERAL;260001618176;1077;GUSTINHO RIBEIRO;DEFERIDO;10;REPUBLICANOS;MASCULINO;BRANCA;S
SE;SERGIPE;DEPUTADO ESTADUAL;260001644235;11122;DISNEI VIANA;DEFERIDO;11;PP;MASCULINO;PARDA;N
SE;SERGIPE;DEPUTADO ESTADUAL;260001646906;44144;DENINHO MARTINS;INDEFERIDO COM RECURSO;44;UNIÃO;MASCULINO;PARDA;N
SE;SERGIPE;DEPUTADO ESTADUAL;260001602608;19740;SGT CESAR;DEFERIDO;19;PODE;MASCULINO;PARDA;N
SE;SERGIPE;DEPUTADO ESTADUAL;260001600206;23999;RICARDO MARQUES;DEFERIDO;23;CIDADANIA;MASCULINO;BRANCA;N
SE;SERGIPE;DEPUTADO ESTADUAL;260001600219;23123;FINHA DA SAGRADA FAMÍLIA;DEFERIDO;23;CIDADANIA;FEMININO;PARDA;N
SE;SERGIPE;DEPUTADO FEDERAL;260001619674;5533;PROFESSOR JÔNATAS;DEFERIDO;55;PSD;MASCULINO;PARDA;N
SE;SERGIPE;DEPUTADO ESTADUAL;260001636121;50456;ZÉ DO RADIO;DEFERIDO;50;PSOL;MASCULINO;PRETA;N
SE;SERGIPE;DEPUTADO ESTADUAL;260001668310;13123;PROFESSOR DUDU;DEFERIDO;13;PT;MASCULINO;PARDA;N
SE;SERGIPE;DEPUTADO FEDERAL;260001713560;2210;CAPITÃO ARAÚJO LIMA;DEFERIDO;22;PL;MASCULINO;BRANCA;N
SE;SERGIPE;DEPUTADO ESTADUAL;260001669437;12702;NEILSON MOTA;DEFERIDO;12;PDT;MASCULINO;PRETA;N
SE;SERGIPE;DEPUTADO ESTADUAL;260001644519;15555;PROF IZABEL SILVA;DEFERIDO;15;MDB;FEMININO;PARDA;N
SE;SERGIPE;DEPUTADO ESTADUAL;260001669096;40444;EDIVALDO FONTES;DEFERIDO;40;PSB;MASCULINO;BRANCA;N
SE;SERGIPE;DEPUTADO ESTADUAL;260001669088;40567;AGNALDO MORAL;DEFERIDO;40;PSB;MASCULINO;PRETA;N
SE;SERGIPE;DEPUTADO FEDERAL;260001727001;4090;COSTINHA;DEFERIDO;40;PSB;MASCULINO;BRANCA;N
SE;SERGIPE;DEPUTADO FEDERAL;260001618175;1010;HELENO SILVA;DEFERIDO;10;REPUBLICANOS;MASCULINO;BRANCA;N
SE;SERGIPE;DEPUTADO ESTADUAL;260001712738;51123;SILVIA BEAUTY;DEFERIDO;51;PATRIOTA;FEMININO;PARDA;N
SE;SERGIPE;DEPUTADO ESTADUAL;260001618222;10111;GIL SANTOS;DEFERIDO;10;REPUBLICANOS;FEMININO;BRANCA;N
SE;SERGIPE;DEPUTADO FEDERAL;260001713563;2238;CORONEL MANO;DEFERIDO;22;PL;MASCULINO;PARDA;N
SE;SERGIPE;DEPUTADO ESTADUAL;260001646660;27444;PROF HAMILTON;DEFERIDO;27;DC;MASCULINO;PARDA;N
SE;SERGIPE;DEPUTADO ESTADUAL;260001618218;10999;NETO COUTINHO;DEFERIDO;10;REPUBLICANOS;MASCULINO;BRANCA;N
SE;SERGIPE;DEPUTADO ESTADUAL;260001712714;51789;MAJOR LINO DE VALMIR;DEFERIDO;51;PATRIOTA;MASCULINO;BRANCA;N
SE;SERGIPE;DEPUTADO FEDERAL;260001713928;5111;GILMAR DOIDO;DEFERIDO;51;PATRIOTA;MASCULINO;PRETA;N
SE;SERGIPE;DEPUTADO ESTADUAL;260001691800;33777;WALDIR VIANNA;DEFERIDO;33;PMN;MASCULINO;BRANCA;N
SE;SERGIPE;DEPUTADO FEDERAL;260001646379;4400;FÁBIO HENRIQUE;DEFERIDO;44;UNIÃO;MASCULINO;PARDA;S
SE;SERGIPE;DEPUTADO ESTADUAL;260001646912;44223;ROBSON TAXISTA;DEFERIDO;44;UNIÃO;MASCULINO;PARDA;N
SE;SERGIPE;DEPUTADO FEDERAL;260001600237;2345;PITUXO;DEFERIDO;23;CIDADANIA;MASCULINO;PRETA;N
SE;SERGIPE;DEPUTADO ESTADUAL;260001636410;55455;DR. MANUELA;RENÚNCIA;55;PSD;FEMININO;BRANCA;N
SE;SERGIPE;DEPUTADO ESTADUAL;260001668307;13013;EDMILSON;DEFERIDO;13;PT;MASCULINO;PARDA;N
SE;SERGIPE;DEPUTADO FEDERAL;260001619671;5510;SUELY OURO;DEFERIDO;55;PSD;FEMININO;BRANCA;N
SE;SERGIPE;DEPUTADO FEDERAL;260001646380;4499;JOTA JOTA DO RONDA DA NOTÍCIA;DEFERIDO;44;UNIÃO;MASCULINO;PARDA;N
SE;SERGIPE;DEPUTADO FEDERAL;260001728384;4444;YANDRA DE ANDRÉ;DEFERIDO;44;UNIÃO;FEMININO;BRANCA;N
SE;SERGIPE;DEPUTADO ESTADUAL;260001669093;40666;MARIA PEDRITA;DEFERIDO;40;PSB;FEMININO;BRANCA;N
SE;SERGIPE;1º SUPLENTE;260001635425;111;JANIER;DEFERIDO;55;PSD;FEMININO;NÃO INFORMADO;N
SE;SERGIPE;DEPUTADO FEDERAL;260001691563;3330;KELINE GONÇALVES;DEFERIDO;33;PMN;FEMININO;PARDA;N
SE;SERGIPE;DEPUTADO FEDERAL;260001635581;7789;VOVÔ MONTEIRO;RENÚNCIA;77;SOLIDARIEDADE;MASCULINO;BRANCA;N
SE;SERGIPE;DEPUTADO ESTADUAL;260001726061;15111;PATRÍCIO NASCIMENTO;DEFERIDO;15;MDB;MASCULINO;PARDA;N
SE;SERGIPE;DEPUTADO ESTADUAL;260001691824;33900;WAGNER VIEIRA;DEFERIDO;33;PMN;MASCULINO;PARDA;N
SE;SERGIPE;DEPUTADO ESTADUAL;260001668312;13444;LINDOMAR XOKO;DEFERIDO;13;PT;MASCULINO;INDÍGENA;N
SE;SERGIPE;DEPUTADO FEDERAL;260001618173;1022;DELEGADO ANDRE DAVID;DEFERIDO;10;REPUBLICANOS;MASCULINO;BRANCA;N
SE;SERGIPE;DEPUTADO FEDERAL;260001644949;2710;DRA TERESA NEUMA;DEFERIDO;27;DC;FEMININO;PARDA;N
SE;SERGIPE;DEPUTADO ESTADUAL;260001636115;50234;PROFESSOR LUCIANO ROCHA;DEFERIDO;50;PSOL;MASCULINO;PARDA;N
SE;SERGIPE;DEPUTADO ESTADUAL;260001644237;11110;MARIANA SERVENTE;DEFERIDO;11;PP;FEMININO;PARDA;N
SE;SERGIPE;DEPUTADO ESTADUAL;260001690956;16123;LEO;INDEFERIDO COM RECURSO;16;PSTU;MASCULINO;PARDA;N
SE;SERGIPE;DEPUTADO FEDERAL;260001602616;1990;ALINE DOS SANTOS;RENÚNCIA;19;PODE;FEMININO;PARDA;N
SE;SERGIPE;DEPUTADO ESTADUAL;260001600224;45777;TADEU TAXISTA;DEFERIDO;45;PSDB;MASCULINO;PARDA;N
SE;SERGIPE;DEPUTADO FEDERAL;260001713926;5115;PROFESSORA AVILETE;DEFERIDO;51;PATRIOTA;FEMININO;PARDA;N
SE;SERGIPE;DEPUTADO ESTADUAL;260001636405;55655;ÂNGELA MÃE DE JOÃO;DEFERIDO;55;PSD;FEMININO;PARDA;N
SE;SERGIPE;2º SUPLENTE;260001738814;222;PASTOR CLEITON;PENDENTE DE JULGAMENTO;51;PATRIOTA;MASCULINO;PARDA;N
SE;SERGIPE;DEPUTADO ESTADUAL;260001644233;11190;TENENTE ANANIAS;DEFERIDO;11;PP;MASCULINO;BRANCA;N
SE;SERGIPE;DEPUTADO ESTADUAL;260001644226;11111;LUIZ FONSECA;DEFERIDO;11;PP;MASCULINO;PARDA;N
SE;SERGIPE;DEPUTADO FEDERAL;260001691561;3333;SARGENTO SECUNDO;DEFERIDO;33;PMN;MASCULINO;PARDA;N
SE;SERGIPE;DEPUTADO ESTADUAL;260001644520;15777;POPÓ DO POVO;DEFERIDO;15;MDB;MASCULINO;PRETA;N
SE;SERGIPE;DEPUTADO FEDERAL;260001600233;2300;LAYSE SANTIAGO;DEFERIDO;23;CIDADANIA;FEMININO;BRANCA;N
SE;SERGIPE;DEPUTADO ESTADUAL;260001738773;22216;DIVO RODRIGUES;PENDENTE DE JULGAMENTO;22;PL;MASCULINO;PARDA;N
SE;SERGIPE;DEPUTADO ESTADUAL;260001669436;12121;TIÃO BILA;INDEFERIDO;12;PDT;MASCULINO;PARDA;N
SE;SERGIPE;DEPUTADO FEDERAL;260001646374;4410;ANDERSON GOIS;DEFERIDO;44;UNIÃO;MASCULINO;BRANCA;N
SE;SERGIPE;DEPUTADO ESTADUAL;260001618226;10022;INSTRUTOR FIGUEIREDO;DEFERIDO;10;REPUBLICANOS;MASCULINO;BRANCA;N
SE;SERGIPE;DEPUTADO FEDERAL;260001644944;2727;BILA;DEFERIDO;27;DC;MASCULINO;PRETA;N
SE;SERGIPE;GOVERNADOR;260001617899;80;PROF AROLDO FELIX;DEFERIDO;80;UP;MASCULINO;PARDA;N
SE;SERGIPE;GOVERNADOR;260001634213;27;DR CLÁUDIO MÉDICO GERIATRA;DEFERIDO;27;DC;MASCULINO;PARDA;N
SE;SERGIPE;DEPUTADO ESTADUAL;260001669449;12115;JOSICLEIDE FARIAS;DEFERIDO;12;PDT;FEMININO;PRETA;N
SE;SERGIPE;2º SUPLENTE;260001635424;111;FERNANDO CARVALHO;DEFERIDO;11;PP;MASCULINO;NÃO INFORMADO;N
SE;SERGIPE;DEPUTADO ESTADUAL;260001644524;15999;DR WALLACE;DEFERIDO;15;MDB;MASCULINO;PRETA;N
SE;SERGIPE;DEPUTADO ESTADUAL;260001600214;23777;GEORGEO PASSOS;DEFERIDO;23;CIDADANIA;MASCULINO;BRANCA;S
SE;SERGIPE;DEPUTADO FEDERAL;260001691559;3311;ZICA DE JOÃO DE ZIZA;RENÚNCIA;33;PMN;MASCULINO;PARDA;N
SE;SERGIPE;DEPUTADO ESTADUAL;260001600216;23333;MATHEUS CORREA;DEFERIDO;23;CIDADANIA;MASCULINO;BRANCA;N
SE;SERGIPE;VICE-GOVERNADOR;260001690863;16;LEIDI LIMA;INDEFERIDO;16;PSTU;FEMININO;INDÍGENA;N
SE;SERGIPE;DEPUTADO ESTADUAL;260001600215;23007;LUIZ EDUARDO;DEFERIDO;23;CIDADANIA;MASCULINO;BRANCA;N
SE;SERGIPE;DEPUTADO ESTADUAL;260001618217;10007;PROF ANDESON CANELA;DEFERIDO;10;REPUBLICANOS;MASCULINO;PARDA;N
SE;SERGIPE;DEPUTADO ESTADUAL;260001644219;11999;EDNA CELL;DEFERIDO;11;PP;FEMININO;PARDA;N
SE;SERGIPE;DEPUTADO ESTADUAL;260001712266;22888;REGI DAS CARROCINHAS;DEFERIDO;22;PL;MASCULINO;BRANCA;N
SE;SERGIPE;DEPUTADO ESTADUAL;260001731739;51777;FABIANO ADVENTISTA;DEFERIDO;51;PATRIOTA;MASCULINO;PARDA;N
SE;SERGIPE;DEPUTADO ESTADUAL;260001712264;22122;MARCO PINHEIRO;DEFERIDO;22;PL;MASCULINO;PRETA;N
SE;SERGIPE;DEPUTADO ESTADUAL;260001636404;55223;DANIELZINHO KACETEIRO;DEFERIDO;55;PSD;MASCULINO;PARDA;N
SE;SERGIPE;DEPUTADO ESTADUAL;260001712723;51222;BOLSONARO SERGIPANO;DEFERIDO;51;PATRIOTA;MASCULINO;BRANCA;N
SE;SERGIPE;DEPUTADO ESTADUAL;260001602604;19222;CORONEL ADRIANO REIS;DEFERIDO;19;PODE;MASCULINO;PARDA;N
SE;SERGIPE;DEPUTADO ESTADUAL;260001602593;19666;NINHAS BAR;DEFERIDO;19;PODE;FEMININO;BRANCA;N
SE;SERGIPE;DEPUTADO ESTADUAL;260001669090;40123;VALADARES;DEFERIDO;40;PSB;MASCULINO;BRANCA;N
SE;SERGIPE;DEPUTADO FEDERAL;260001693499;9010;CORONEL AUGUSTO;DEFERIDO;90;PROS;MASCULINO;PARDA;N
SE;SERGIPE;DEPUTADO FEDERAL;260001667977;1331;PROFESSOR MARIVAL MATOS;DEFERIDO;13;PT;MASCULINO;PARDA;N
SE;SERGIPE;VICE-GOVERNADOR;260001635962;50;DEMÉTRIO VARJÃO;DEFERIDO;50;PSOL;MASCULINO;PRETA;N
SE;SERGIPE;DEPUTADO ESTADUAL;260001691817;33330;ERICA TUR;DEFERIDO;33;PMN;FEMININO;PARDA;N
SE;SERGIPE;DEPUTADO ESTADUAL;260001691818;33800;NICINHA;DEFERIDO;33;PMN;FEMININO;PARDA;N
SE;SERGIPE;DEPUTADO ESTADUAL;260001602605;19221;PONTES DO UBER ;DEFERIDO;19;PODE;MASCULINO;PARDA;N
SE;SERGIPE;DEPUTADO FEDERAL;260001690715;1422;PROFESSORA DENISE ALBANO;DEFERIDO;14;PTB;FEMININO;BRANCA;N
SE;SERGIPE;DEPUTADO ESTADUAL;260001646910;44123;MARIVAL SANTANA;DEFERIDO;44;UNIÃO;MASCULINO;BRANCA;N
SE;SERGIPE;DEPUTADO FEDERAL;260001646375;4444;ANDRÉ MOURA;RENÚNCIA;44;UNIÃO;MASCULINO;BRANCA;N
SE;SERGIPE;DEPUTADO ESTADUAL;260001669092;40999;DRA SILVIA;DEFERIDO;40;PSB;FEMININO;BRANCA;N
SE;SERGIPE;DEPUTADO ESTADUAL;260001600228;23707;DONA ANA DO AMBULATÓRIO;DEFERIDO;23;CIDADANIA;FEMININO;PARDA;N
SE;SERGIPE;DEPUTADO FEDERAL;260001667972;4321;CLAUDIA-JUNTASPELOBRASIL+JUSTO;DEFERIDO;43;PV;FEMININO;BRANCA;N
SE;SERGIPE;DEPUTADO ESTADUAL;260001712269;22011;TENENTE PRISCILA;DEFERIDO;22;PL;FEMININO;BRANCA;N
SE;SERGIPE;DEPUTADO ESTADUAL;260001712732;51111;DR KLEYTON;DEFERIDO;51;PATRIOTA;MASCULINO;PARDA;N
SE;SERGIPE;DEPUTADO ESTADUAL;260001712716;51000;BARETA;DEFERIDO;51;PATRIOTA;MASCULINO;PARDA;N
SE;SERGIPE;DEPUTADO FEDERAL;260001619673;5555;FABIO REIS;DEFERIDO;55;PSD;MASCULINO;BRANCA;S
SE;SERGIPE;DEPUTADO ESTADUAL;260001644518;15000;DR. GILVAN MERCENA;DEFERIDO;15;MDB;MASCULINO;PRETA;N
SE;SERGIPE;DEPUTADO ESTADUAL;260001636119;50750;MÁRCIO SOUZA;DEFERIDO;50;PSOL;MASCULINO;PRETA;N
SE;SERGIPE;DEPUTADO ESTADUAL;260001669097;40000;RICARDO THAIRON;DEFERIDO;40;PSB;MASCULINO;PARDA;N
SE;SERGIPE;DEPUTADO FEDERAL;260001713932;5152;MARLENE CALUMBY;DEFERIDO;51;PATRIOTA;FEMININO;BRANCA;N
SE;SERGIPE;DEPUTADO ESTADUAL;260001669081;40512;VALDEVAN FERNANDO;DEFERIDO;40;PSB;MASCULINO;PRETA;N
SE;SERGIPE;DEPUTADO ESTADUAL;260001669448;12000;JOANA D ARC;DEFERIDO;12;PDT;FEMININO;PARDA;N
SE;SERGIPE;DEPUTADO ESTADUAL;260001600220;23700;MESSIAS DE POÇO REDONDO;DEFERIDO;23;CIDADANIA;MASCULINO;PARDA;N
SE;SERGIPE;DEPUTADO FEDERAL;260001693502;9090;LUÍZ SANTANA;RENÚNCIA;90;PROS;MASCULINO;PARDA;N
SE;SERGIPE;DEPUTADO FEDERAL;260001690714;1456;BRAULIO FELIZOLA;DEFERIDO;14;PTB;MASCULINO;BRANCA;N
SE;SERGIPE;SENADOR;260001636124;500;HENRI CLAY;DEFERIDO;50;PSOL;MASCULINO;BRANCA;N
SE;SERGIPE;DEPUTADO ESTADUAL;260001600207;23555;ROSA VIGILANTE;DEFERIDO;23;CIDADANIA;MASCULINO;PRETA;N
SE;SERGIPE;DEPUTADO FEDERAL;260001690717;1414;JAILSON FILHO;DEFERIDO;14;PTB;MASCULINO;BRANCA;N
SE;SERGIPE;DEPUTADO FEDERAL;260001618177;1011;ADRIANA BATISTA;DEFERIDO;10;REPUBLICANOS;FEMININO;PARDA;N
SE;SERGIPE;DEPUTADO FEDERAL;260001670199;1233;COELHINHO;DEFERIDO;12;PDT;MASCULINO;PARDA;N
SE;SERGIPE;DEPUTADO ESTADUAL;260001602597;19123;ROBERT FRAGA;DEFERIDO;19;PODE;MASCULINO;PARDA;N
SE;SERGIPE;DEPUTADO ESTADUAL;260001669432;12190;RITA DANTAS;DEFERIDO;12;PDT;FEMININO;BRANCA;N
SE;SERGIPE;DEPUTADO ESTADUAL;260001691814;33022;DENI CEREJA;INDEFERIDO;33;PMN;FEMININO;PARDA;N
SE;SERGIPE;DEPUTADO FEDERAL;260001668636;4077;GILTON DA PADARIA;DEFERIDO;40;PSB;MASCULINO;PARDA;N
SE;SERGIPE;DEPUTADO ESTADUAL;260001669085;40040;MARCIO SOTTER;DEFERIDO;40;PSB;MASCULINO;PRETA;N
SE;SERGIPE;DEPUTADO ESTADUAL;260001668311;43456;SOUZA DA ENFERMAGEM;DEFERIDO;43;PV;MASCULINO;PARDA;N
SE;SERGIPE;DEPUTADO ESTADUAL;260001668314;13900;GIVALDA-COL.BEATRIZ NASCIMENTO;DEFERIDO;13;PT;FEMININO;PRETA;N
SE;SERGIPE;DEPUTADO FEDERAL;260001635576;7799;SUSY MENEZES;DEFERIDO;77;SOLIDARIEDADE;FEMININO;PRETA;N
SE;SERGIPE;DEPUTADO FEDERAL;260001633055;1133;THIAGO DE JOALDO;DEFERIDO;11;PP;MASCULINO;PARDA;N
SE;SERGIPE;DEPUTADO ESTADUAL;260001646904;44224;PROFESSORA ANA;DEFERIDO;44;UNIÃO;FEMININO;BRANCA;N
SE;SERGIPE;DEPUTADO ESTADUAL;260001644523;15678;NEUTON SANTOS;DEFERIDO;15;MDB;MASCULINO;PARDA;N
SE;SERGIPE;GOVERNADOR;260001635961;50;NIULLY CAMPOS;DEFERIDO;50;PSOL;FEMININO;PARDA;N
SE;SERGIPE;DEPUTADO ESTADUAL;260001669453;12999;ENFERMEIRA WILZA CAMARA;DEFERIDO;12;PDT;FEMININO;PARDA;N
SE;SERGIPE;DEPUTADO ESTADUAL;260001712249;22222;PATO MARAVILHA;DEFERIDO;22;PL;MASCULINO;PARDA;N
SE;SERGIPE;DEPUTADO ESTADUAL;260001600221;23456;DR. SAMUEL CARVALHO;DEFERIDO;23;CIDADANIA;MASCULINO;PARDA;S
SE;SERGIPE;DEPUTADO ESTADUAL;260001636413;55500;ALEXANDRE SOARES;DEFERIDO;55;PSD;MASCULINO;PARDA;N
SE;SERGIPE;DEPUTADO FEDERAL;260001619672;5599;DÊNISSON PEREIRA;DEFERIDO;55;PSD;MASCULINO;PRETA;N
SE;SERGIPE;GOVERNADOR;260001600202;45;DELEGADO ALESSANDRO;DEFERIDO;45;PSDB;MASCULINO;PARDA;N
SE;SERGIPE;DEPUTADO FEDERAL;260001636661;5050;PROFESSORA SONIA MEIRE;DEFERIDO;50;PSOL;FEMININO;BRANCA;N
SE;SERGIPE;DEPUTADO FEDERAL;260001668635;4001;LUIZ EDUARDO OLIVA;DEFERIDO;40;PSB;MASCULINO;PARDA;N
SE;SERGIPE;DEPUTADO ESTADUAL;260001733260;55155;SIL RIBEIRO;DEFERIDO;55;PSD;FEMININO;PARDA;N
SE;SERGIPE;DEPUTADO ESTADUAL;260001669091;40500;ORLANDO DO TÊNIS;DEFERIDO;40;PSB;MASCULINO;BRANCA;N
SE;SERGIPE;DEPUTADO FEDERAL;260001618181;1023;ALEX MELO;DEFERIDO;10;REPUBLICANOS;MASCULINO;PARDA;N
SE;SERGIPE;DEPUTADO FEDERAL;260001667975;1311;JOAO DANIEL;DEFERIDO;13;PT;MASCULINO;BRANCA;S
SE;SERGIPE;DEPUTADO ESTADUAL;260001691823;33123;THIAGO DA SUCESSO;DEFERIDO;33;PMN;MASCULINO;PARDA;N
SE;SERGIPE;DEPUTADO FEDERAL;260001600234;4500;NALVA DO ORELHINHA DOG;DEFERIDO;45;PSDB;FEMININO;BRANCA;N
SE;SERGIPE;DEPUTADO FEDERAL;260001636663;5010;PROFESSOR OTÁVIO SALES;DEFERIDO;50;PSOL;MASCULINO;BRANCA;N
SE;SERGIPE;DEPUTADO FEDERAL;260001691141;1616;CARLOS DOS SANTOS;INDEFERIDO;16;PSTU;MASCULINO;PARDA;N
SE;SERGIPE;DEPUTADO ESTADUAL;260001600217;23444;JAMES FEITOSA;DEFERIDO;23;CIDADANIA;MASCULINO;BRANCA;N
SE;SERGIPE;DEPUTADO ESTADUAL;260001600225;45023;JÉSSICA FONSECA;DEFERIDO;45;PSDB;FEMININO;BRANCA;N
SE;SERGIPE;GOVERNADOR;260001690206;22;VALMIR DE FRANCISQUINHO;INDEFERIDO COM RECURSO;22;PL;MASCULINO;PARDA;N
SE;SERGIPE;DEPUTADO FEDERAL;260001713566;2233;BOSCO COSTA;DEFERIDO;22;PL;MASCULINO;PARDA;S
SE;SERGIPE;DEPUTADO ESTADUAL;260001712721;51900;DAISY MARTINS;DEFERIDO;51;PATRIOTA;FEMININO;PARDA;N
SE;SERGIPE;DEPUTADO FEDERAL;260001668631;4000;JUNIOR FARIAS;DEFERIDO;40;PSB;MASCULINO;PARDA;N
SE;SERGIPE;DEPUTADO ESTADUAL;260001636417;55505;SIDICLEI FONSECA;DEFERIDO;55;PSD;MASCULINO;PARDA;N
SE;SERGIPE;DEPUTADO ESTADUAL;260001644230;11444;PASTOR DIEGO;DEFERIDO;11;PP;MASCULINO;PARDA;N
SE;SERGIPE;DEPUTADO FEDERAL;260001691564;3350;SANDRA ROSA;DEFERIDO;33;PMN;FEMININO;PARDA;N
SE;SERGIPE;DEPUTADO ESTADUAL;260001644222;11222;LÚCIO FLÁVIO;DEFERIDO;11;PP;MASCULINO;PARDA;N
SE;SERGIPE;DEPUTADO ESTADUAL;260001737617;10500;ZE NETO EU;PENDENTE DE JULGAMENTO;10;REPUBLICANOS;MASCULINO;PARDA;N
SE;SERGIPE;DEPUTADO FEDERAL;260001713933;5123;RICARDO MOTA O CAMINHONEIRO;DEFERIDO;51;PATRIOTA;MASCULINO;PARDA;N
SE;SERGIPE;DEPUTADO ESTADUAL;260001691815;33001;EDSON JUNIOR;DEFERIDO;33;PMN;MASCULINO;PARDA;N
SE;SERGIPE;DEPUTADO ESTADUAL;260001646665;27300;BISPO NILSON CARRETEIRO;DEFERIDO;27;DC;MASCULINO;PRETA;N
SE;SERGIPE;DEPUTADO ESTADUAL;260001646917;44567;FERNANDA FARINE;DEFERIDO;44;UNIÃO;FEMININO;BRANCA;N
SE;SERGIPE;DEPUTADO ESTADUAL;260001712724;51515;FRED MASSA;DEFERIDO;51;PATRIOTA;MASCULINO;PARDA;N
SE;SERGIPE;DEPUTADO ESTADUAL;260001646672;27000;NELSON ARAUJO;DEFERIDO;27;DC;MASCULINO;PARDA;N
SE;SERGIPE;DEPUTADO ESTADUAL;260001668306;65555;ANTÔNIO AUTRAN;DEFERIDO;65;PC do B;MASCULINO;PRETA;N
SE;SERGIPE;DEPUTADO ESTADUAL;260001618231;10789;CAROL BOMFIM;DEFERIDO;10;REPUBLICANOS;FEMININO;BRANCA;N
SE;SERGIPE;DEPUTADO ESTADUAL;260001618221;10193;MAJOR FABIO FERNANDES;DEFERIDO;10;REPUBLICANOS;MASCULINO;PARDA;N
SE;SERGIPE;DEPUTADO ESTADUAL;260001602606;19900;ROSANA SCANDIAN;DEFERIDO;19;PODE;FEMININO;BRANCA;N
SE;SERGIPE;DEPUTADO FEDERAL;260001690722;1425;PROFESSORA TIA ROSE;DEFERIDO;14;PTB;FEMININO;PRETA;N
SE;SERGIPE;SENADOR;260001666588;404;VALADARES FILHO;DEFERIDO;40;PSB;MASCULINO;BRANCA;N
SE;SERGIPE;DEPUTADO FEDERAL;260001600240;2310;JORDANA DE NEÓPOLIS;DEFERIDO;23;CIDADANIA;FEMININO;PARDA;N
SE;SERGIPE;DEPUTADO ESTADUAL;260001636120;50606;JOSI ADHUMA: VAI TER PRETA SIM;DEFERIDO;50;PSOL;FEMININO;PRETA;N
SE;SERGIPE;DEPUTADO ESTADUAL;260001668319;13111;LIDIA CASTELINO;INDEFERIDO;13;PT;FEMININO;BRANCA;N
SE;SERGIPE;DEPUTADO FEDERAL;260001731226;1101;ILANI PAULINA ENFERMEIRA;DEFERIDO;11;PP;FEMININO;PARDA;N
SE;SERGIPE;DEPUTADO FEDERAL;260001644385;1555;DR. RONALD VIEIRA;DEFERIDO;15;MDB;MASCULINO;BRANCA;N
SE;SERGIPE;DEPUTADO FEDERAL;260001619669;5544;JUJU ESTOURADA;DEFERIDO;55;PSD;FEMININO;PARDA;N
SE;SERGIPE;SENADOR;260001635426;111;LAÉRCIO;DEFERIDO;11;PP;MASCULINO;NÃO INFORMADO;N
SE;SERGIPE;DEPUTADO ESTADUAL;260001726060;15222;PROFESSORA MARGARIDA;DEFERIDO;15;MDB;FEMININO;BRANCA;N
SE;SERGIPE;DEPUTADO FEDERAL;260001644945;2760;PROF CRISTIANO BISPO;DEFERIDO;27;DC;MASCULINO;PARDA;N
SE;SERGIPE;DEPUTADO ESTADUAL;260001738836;44456;FÁTIMA DE VADINHO ;PENDENTE DE JULGAMENTO;44;UNIÃO;FEMININO;PRETA;N
SE;SERGIPE;DEPUTADO FEDERAL;260001644384;1511;NEIDE BARBOSA;DEFERIDO;15;MDB;FEMININO;PARDA;N
SE;SERGIPE;DEPUTADO FEDERAL;260001619670;5515;FRANCISCO GUALBERTO;DEFERIDO;55;PSD;MASCULINO;BRANCA;N
SE;SERGIPE;VICE-GOVERNADOR;260001725487;13;SERGIO GAMA;DEFERIDO;15;MDB;MASCULINO;PARDA;N
SE;SERGIPE;DEPUTADO ESTADUAL;260001712733;51001;CRISTINA BRANDÃO;DEFERIDO;51;PATRIOTA;FEMININO;PARDA;N
SE;SERGIPE;DEPUTADO ESTADUAL;260001669450;12123;ADELSON BARRETO;DEFERIDO;12;PDT;MASCULINO;PRETA;N
SE;SERGIPE;DEPUTADO ESTADUAL;260001669087;40100;HANS;DEFERIDO;40;PSB;MASCULINO;PARDA;N
SE;SERGIPE;DEPUTADO ESTADUAL;260001600227;23200;SHEYLA GALBA;DEFERIDO;23;CIDADANIA;FEMININO;PARDA;N
SE;SERGIPE;DEPUTADO ESTADUAL;260001712718;51090;CLEITON NOVENTA;RENÚNCIA;51;PATRIOTA;MASCULINO;PARDA;N
SE;SERGIPE;DEPUTADO ESTADUAL;260001712728;51456;JU DO POVO;DEFERIDO;51;PATRIOTA;FEMININO;PRETA;N
SE;SERGIPE;DEPUTADO ESTADUAL;260001636412;55000;THASSIA MYLLENA;DEFERIDO;55;PSD;FEMININO;BRANCA;N
SE;SERGIPE;DEPUTADO ESTADUAL;260001669438;12567;ROSE MARTINS;DEFERIDO;12;PDT;FEMININO;PARDA;N
SE;SERGIPE;DEPUTADO ESTADUAL;260001691809;33540;NIVALDA IRMÃ DE ISAIS;DEFERIDO;33;PMN;FEMININO;BRANCA;N
SE;SERGIPE;DEPUTADO ESTADUAL;260001669442;12234;JÔ VALENÇA;DEFERIDO;12;PDT;FEMININO;PARDA;N
SE;SERGIPE;DEPUTADO ESTADUAL;260001712268;22007;PROFESSOR SADOTE;DEFERIDO;22;PL;MASCULINO;PARDA;N
SE;SERGIPE;DEPUTADO ESTADUAL;260001646914;44251;ANINHA ALVES;DEFERIDO;44;UNIÃO;FEMININO;PARDA;N
SE;SERGIPE;VICE-GOVERNADOR;260001692377;90;RENATO LIMA DE ARAUJO;INDEFERIDO;90;PROS;MASCULINO;BRANCA;N
SE;SERGIPE;DEPUTADO ESTADUAL;260001669095;40700;GICELMA SANTOS;DEFERIDO;40;PSB;FEMININO;PARDA;N
SE;SERGIPE;DEPUTADO ESTADUAL;260001711846;14111;GILENO PAO FILHO DE ZÉ CINEMA;DEFERIDO;14;PTB;MASCULINO;PRETA;N
SE;SERGIPE;DEPUTADO FEDERAL;260001602618;1900;FABRÍCIO CARDOSO;DEFERIDO;19;PODE;MASCULINO;PARDA;N
SE;SERGIPE;DEPUTADO FEDERAL;260001668629;4040;JOALDO BARBOSA;DEFERIDO;40;PSB;MASCULINO;PARDA;N
SE;SERGIPE;1º SUPLENTE;260001636125;500;PROFESSOR JOSSIMÁRIO MICK;DEFERIDO;50;PSOL;MASCULINO;PRETA;N
SE;SERGIPE;VICE-GOVERNADOR;260001634214;27;GIOVANNA ROCHA;DEFERIDO;27;DC;FEMININO;BRANCA;N
SE;SERGIPE;DEPUTADO FEDERAL;260001690719;1444;LUCAS VIEIRA;DEFERIDO;14;PTB;MASCULINO;PARDA;N
SE;SERGIPE;DEPUTADO ESTADUAL;260001669441;12777;ALAN NASCIMENTO;DEFERIDO;12;PDT;MASCULINO;PRETA;N
SE;SERGIPE;DEPUTADO ESTADUAL;260001669086;40600;ELIANA DA ACADEPOL;DEFERIDO;40;PSB;FEMININO;PRETA;N
SE;SERGIPE;2º SUPLENTE;260001600751;190;ADRIANO BARBOSA;DEFERIDO;19;PODE;MASCULINO;PARDA;N
SE;SERGIPE;DEPUTADO ESTADUAL;260001712261;22700;ELI CORCINIO;DEFERIDO;22;PL;FEMININO;PARDA;N
SE;SERGIPE;DEPUTADO ESTADUAL;260001691802;33789;BAÍTO DE TETÊ;DEFERIDO;33;PMN;MASCULINO;PARDA;N
SE;SERGIPE;DEPUTADO ESTADUAL;260001669089;40777;JUJU MANSUR;DEFERIDO;40;PSB;FEMININO;PARDA;N
SE;SERGIPE;VICE-GOVERNADOR;260001600203;45;MILTON ANDRADE;DEFERIDO;23;CIDADANIA;MASCULINO;PARDA;N
SE;SERGIPE;DEPUTADO ESTADUAL;260001644218;11001;ILANI PAULINA ENFERMEIRA;RENÚNCIA;11;PP;FEMININO;PARDA;N
SE;SERGIPE;DEPUTADO FEDERAL;260001727000;2202;STEPHANY TEIXEIRA;DEFERIDO;22;PL;FEMININO;BRANCA;N
SE;SERGIPE;DEPUTADO ESTADUAL;260001644227;11000;MARÍLIA GABRIELA;DEFERIDO;11;PP;FEMININO;PRETA;N
SE;SERGIPE;DEPUTADO FEDERAL;260001635575;7766;SÉRGIO BEZERRA;RENÚNCIA;77;SOLIDARIEDADE;MASCULINO;BRANCA;N
SE;SERGIPE;DEPUTADO FEDERAL;260001713930;5100;HAMILTON DA NOZESTOUR;DEFERIDO;51;PATRIOTA;MASCULINO;BRANCA;N
SE;SERGIPE;DEPUTADO FEDERAL;260001667978;6565;CORONEL LUIS FERNANDO;DEFERIDO;65;PC do B;MASCULINO;PRETA;N
SE;SERGIPE;DEPUTADO FEDERAL;260001618178;1033;LIVIA MENEZES;DEFERIDO;10;REPUBLICANOS;FEMININO;BRANCA;N
SE;SERGIPE;DEPUTADO FEDERAL;260001644380;1567;MÃE MARY DE XANGÔ;DEFERIDO;15;MDB;FEMININO;PRETA;N
SE;SERGIPE;DEPUTADO ESTADUAL;260001712722;51022;DELMAN CABRAL;DEFERIDO;51;PATRIOTA;MASCULINO;PARDA;N
SE;SERGIPE;DEPUTADO ESTADUAL;260001669082;40222;NINA GOMES;DEFERIDO;40;PSB;FEMININO;PRETA;N
SE;SERGIPE;DEPUTADO FEDERAL;260001693504;9032;CARLA DO MOSQUEIRO;INDEFERIDO;90;PROS;FEMININO;PRETA;N
SE;SERGIPE;DEPUTADO ESTADUAL;260001670483;10800;CABO SIRLEIDE;DEFERIDO;10;REPUBLICANOS;FEMININO;BRANCA;N
SE;SERGIPE;DEPUTADO ESTADUAL;260001636113;50777;HENRIQUE MURILO;DEFERIDO;50;PSOL;MASCULINO;PARDA;N
SE;SERGIPE;DEPUTADO ESTADUAL;260001668309;13913;JUNIOR OLIVEIRA;DEFERIDO;13;PT;MASCULINO;PARDA;N
SE;SERGIPE;2º SUPLENTE;260001731683;222;EDILMA AMORIM;RENÚNCIA;22;PL;FEMININO;BRANCA;N
SE;SERGIPE;DEPUTADO ESTADUAL;260001668320;13456;ROBSON VIANA;DEFERIDO;13;PT;MASCULINO;BRANCA;S
SE;SERGIPE;DEPUTADO FEDERAL;260001602619;1919;PROFESSOR FRED TELES;RENÚNCIA;19;PODE;MASCULINO;PARDA;N
SE;SERGIPE;DEPUTADO ESTADUAL;260001646663;27222;SARGENTO RAMILO;RENÚNCIA;27;DC;MASCULINO;PRETA;N
SE;SERGIPE;DEPUTADO ESTADUAL;260001602598;19555;PROFESSOR DANIEL DO ESPORTE;DEFERIDO;19;PODE;MASCULINO;PARDA;N
SE;SERGIPE;DEPUTADO ESTADUAL;260001646908;44222;MAJOR TOLEDO;DEFERIDO;44;UNIÃO;MASCULINO;PARDA;N
SE;SERGIPE;GOVERNADOR;260001666399;13;ROGÉRIO CARVALHO;DEFERIDO;13;PT;MASCULINO;BRANCA;N
SE;SERGIPE;DEPUTADO ESTADUAL;260001646670;27123;ZELINHA SILVA;DEFERIDO;27;DC;FEMININO;BRANCA;N
SE;SERGIPE;DEPUTADO ESTADUAL;260001691820;33300;GIL DE NEÓPOLIS;DEFERIDO;33;PMN;FEMININO;PARDA;N
SE;SERGIPE;DEPUTADO FEDERAL;260001635578;7713;SDNEY SOUZA;DEFERIDO;77;SOLIDARIEDADE;MASCULINO;PARDA;N
SE;SERGIPE;DEPUTADO ESTADUAL;260001644228;11700;ADVOGADA RAQUEL TAVARES;DEFERIDO;11;PP;FEMININO;BRANCA;N
SE;SERGIPE;DEPUTADO ESTADUAL;260001636118;50180;LINDA BRASIL;DEFERIDO;50;PSOL;FEMININO;BRANCA;N
SE;SERGIPE;DEPUTADO ESTADUAL;260001646909;44180;LUZIA LIMA BLOGUEIRA DO SERTÃO;DEFERIDO;44;UNIÃO;FEMININO;PARDA;N
SE;SERGIPE;DEPUTADO ESTADUAL;260001668323;13333;CHICO DO CORREIO;DEFERIDO;13;PT;MASCULINO;BRANCA;N
SE;SERGIPE;DEPUTADO FEDERAL;260001644942;2707;SEVERO DACELINO;DEFERIDO;27;DC;MASCULINO;PRETA;N
SE;SERGIPE;DEPUTADO FEDERAL;260001646377;4477;RODRIGO VALADARES;DEFERIDO;44;UNIÃO;MASCULINO;BRANCA;N
SE;SERGIPE;DEPUTADO FEDERAL;260001667973;1379;DANDARA;DEFERIDO;13;PT;FEMININO;PRETA;N
SE;SERGIPE;DEPUTADO FEDERAL;260001644383;1533;EUGENE MENDES BACANA;DEFERIDO;15;MDB;MASCULINO;BRANCA;N
SE;SERGIPE;DEPUTADO ESTADUAL;260001668326;13131;MÃE LIGIA;DEFERIDO;13;PT;FEMININO;PRETA;N
SE;SERGIPE;DEPUTADO FEDERAL;260001713561;2244;TALYSSON DE VALMIR;RENÚNCIA;22;PL;MASCULINO;PARDA;N
SE;SERGIPE;DEPUTADO FEDERAL;260001693498;9009;ANNA VAN;DEFERIDO;90;PROS;FEMININO;BRANCA;N
SE;SERGIPE;DEPUTADO ESTADUAL;260001712257;22333;THALLES COSTA;DEFERIDO;22;PL;MASCULINO;PARDA;N
SE;SERGIPE;DEPUTADO ESTADUAL;260001646666;27777;JOSE PEDRO O JP;DEFERIDO;27;DC;MASCULINO;AMARELA;N
SE;SERGIPE;DEPUTADO ESTADUAL;260001644234;11777;ANGELA EMPREGUETE;DEFERIDO;11;PP;FEMININO;PARDA;N
SE;SERGIPE;DEPUTADO ESTADUAL;260001691805;33500;MAX PREJUIZO;DEFERIDO;33;PMN;MASCULINO;PRETA;N
SE;SERGIPE;DEPUTADO FEDERAL;260001618179;1030;ROSA REIS;DEFERIDO;10;REPUBLICANOS;FEMININO;PARDA;N
SE;SERGIPE;DEPUTADO ESTADUAL;260001618224;10444;JOSA O COZINHEIRO;DEFERIDO;10;REPUBLICANOS;MASCULINO;PARDA;N
SE;SERGIPE;VICE-GOVERNADOR;260001612778;55;ZEZINHO;DEFERIDO;12;PDT;MASCULINO;BRANCA;N
SE;SERGIPE;DEPUTADO ESTADUAL;260001668325;65123;PROFESSOR JAIRO;DEFERIDO;65;PC do B;MASCULINO;BRANCA;N
SE;SERGIPE;DEPUTADO ESTADUAL;260001636114;50123;KADJA RUTE;DEFERIDO;50;PSOL;FEMININO;BRANCA;N
SE;SERGIPE;DEPUTADO FEDERAL;260001670205;1234;NATALIA DALTO;DEFERIDO;12;PDT;FEMININO;PARDA;N
SE;SERGIPE;DEPUTADO ESTADUAL;260001646905;44190;CLAYTON MOORE;DEFERIDO;44;UNIÃO;MASCULINO;PRETA;N
SE;SERGIPE;DEPUTADO ESTADUAL;260001602613;19001;OSVALDO CAMPOS;DEFERIDO;19;PODE;MASCULINO;PRETA;N
SE;SERGIPE;DEPUTADO ESTADUAL;260001646669;27456;PROFESSOR MAGNOVALDO;DEFERIDO;27;DC;MASCULINO;PARDA;N
SE;SERGIPE;DEPUTADO FEDERAL;260001633058;1155;DRA TATIANE DE VAVÁ DO ALGODÃO;DEFERIDO;11;PP;FEMININO;PARDA;N
SE;SERGIPE;DEPUTADO FEDERAL;260001602620;1999;FRANCISCO NAVARRO;DEFERIDO;19;PODE;MASCULINO;BRANCA;N
SE;SERGIPE;DEPUTADO ESTADUAL;260001711843;14557;TONHAO NOVA ESPERANCA DO POVO;DEFERIDO;14;PTB;MASCULINO;PARDA;N
SE;SERGIPE;DEPUTADO ESTADUAL;260001668327;43777;PAULO JR;DEFERIDO;43;PV;MASCULINO;BRANCA;N
SE;SERGIPE;DEPUTADO ESTADUAL;260001636416;55190;DELEGADO FABIO PIMENTEL;DEFERIDO;55;PSD;MASCULINO;BRANCA;N
SE;SERGIPE;DEPUTADO FEDERAL;260001602623;1988;CRISTIANE ALMEIDA;DEFERIDO;19;PODE;FEMININO;PRETA;N
SE;SERGIPE;DEPUTADO ESTADUAL;260001692885;90456;ANA CARLA;DEFERIDO;90;PROS;FEMININO;PARDA;N
SE;SERGIPE;DEPUTADO ESTADUAL;260001646664;27333;AUGUSTINHO SILVA;DEFERIDO;27;DC;MASCULINO;PARDA;N
SE;SERGIPE;DEPUTADO ESTADUAL;260001712251;22777;DRA. MAFRA;DEFERIDO;22;PL;FEMININO;PARDA;N
SE;SERGIPE;DEPUTADO ESTADUAL;260001712726;51234;IGOR MELO;DEFERIDO;51;PATRIOTA;MASCULINO;PARDA;N
SE;SERGIPE;DEPUTADO FEDERAL;260001667976;1313;ELIANE AQUINO;INDEFERIDO COM RECURSO;13;PT;FEMININO;PRETA;N
SE;SERGIPE;DEPUTADO ESTADUAL;260001646662;27888;LOBÃO DE ITABAIANA;RENÚNCIA;27;DC;MASCULINO;PARDA;N
SE;SERGIPE;DEPUTADO ESTADUAL;260001712255;22555;GRACINHA GARCEZ;DEFERIDO;22;PL;FEMININO;PARDA;S
SE;SERGIPE;DEPUTADO ESTADUAL;260001668324;13222;ENOQUE DA CULTURA;DEFERIDO;13;PT;MASCULINO;BRANCA;N
SE;SERGIPE;DEPUTADO ESTADUAL;260001691822;33400;RICARDO;RENÚNCIA;33;PMN;MASCULINO;PARDA;N
SE;SERGIPE;DEPUTADO FEDERAL;260001668632;4004;PRISCILA BOAVENTURA;DEFERIDO;40;PSB;FEMININO;BRANCA;N
SE;SERGIPE;DEPUTADO ESTADUAL;260001618225;10090;COY DO PAGODE;INDEFERIDO;10;REPUBLICANOS;MASCULINO;PRETA;N
SE;SERGIPE;DEPUTADO ESTADUAL;260001691812;33190;SARGENTO KAKÁ;DEFERIDO;33;PMN;MASCULINO;PARDA;N
SE;SERGIPE;DEPUTADO ESTADUAL;260001646920;44466;CORRETOR BOSCO SÁ;DEFERIDO;44;UNIÃO;MASCULINO;PARDA;N
SE;SERGIPE;DEPUTADO ESTADUAL;260001646667;27999;DR UBIRATAN;RENÚNCIA;27;DC;MASCULINO;PARDA;N
SE;SERGIPE;DEPUTADO ESTADUAL;260001669439;12222;MARIA MENDONÇA;DEFERIDO;12;PDT;FEMININO;BRANCA;S
SE;SERGIPE;DEPUTADO FEDERAL;260001690718;1424;JULIA BRAZ;DEFERIDO;14;PTB;FEMININO;PARDA;N
SE;SERGIPE;DEPUTADO FEDERAL;260001619668;5577;NITINHO;DEFERIDO;55;PSD;MASCULINO;BRANCA;N
SE;SERGIPE;VICE-GOVERNADOR;260001690207;22;DR. EMÍLIA CORREA;DEFERIDO;51;PATRIOTA;FEMININO;BRANCA;N
SE;SERGIPE;DEPUTADO FEDERAL;260001635574;7790;LUANA SANTOS;DEFERIDO;77;SOLIDARIEDADE;FEMININO;PARDA;N
SE;SERGIPE;DEPUTADO ESTADUAL;260001712263;22221;TOMZÉ CASTELO BRANCO;DEFERIDO;22;PL;MASCULINO;BRANCA;N
SE;SERGIPE;DEPUTADO ESTADUAL;260001600222;45100;JADSON DA JK;DEFERIDO;45;PSDB;MASCULINO;PARDA;N
SE;SERGIPE;DEPUTADO FEDERAL;260001693503;9077;DENISE NASCIMENTO;RENÚNCIA;90;PROS;FEMININO;BRANCA;N
SE;SERGIPE;DEPUTADO ESTADUAL;260001618233;10100;TIA GLEIDE;DEFERIDO;10;REPUBLICANOS;FEMININO;BRANCA;N
SE;SERGIPE;DEPUTADO ESTADUAL;260001636418;55182;GEORGE MARTINS;DEFERIDO;55;PSD;MASCULINO;PARDA;N
SE;SERGIPE;DEPUTADO ESTADUAL;260001618223;10222;PATO ROCO;DEFERIDO;10;REPUBLICANOS;MASCULINO;PARDA;N
SE;SERGIPE;2º SUPLENTE;260001634210;270;ANTONIO ALVES;DEFERIDO;27;DC;MASCULINO;BRANCA;N
SE;SERGIPE;DEPUTADO ESTADUAL;260001618232;10456;BOMBEIRO CIVIL CHAVES;DEFERIDO;10;REPUBLICANOS;MASCULINO;PARDA;N
SE;SERGIPE;DEPUTADO ESTADUAL;260001644225;11192;LUAN ARAUJO;DEFERIDO;11;PP;MASCULINO;PARDA;N
SE;SERGIPE;1º SUPLENTE;260001693739;222;JOÃO FONTES;DEFERIDO;14;PTB;MASCULINO;PARDA;N
SE;SERGIPE;DEPUTADO ESTADUAL;260001618230;10177;VIVI DOCINHO;DEFERIDO;10;REPUBLICANOS;FEMININO;PARDA;N
SE;SERGIPE;DEPUTADO ESTADUAL;260001602602;19007;ENG. RAILDO QUEIROZ;DEFERIDO;19;PODE;MASCULINO;PARDA;N
SE;SERGIPE;DEPUTADO FEDERAL;260001691560;3309;CORONEL BONFIM;DEFERIDO;33;PMN;MASCULINO;PARDA;N
SE;SERGIPE;DEPUTADO ESTADUAL;260001712260;22193;SHEILA MATOS;DEFERIDO;22;PL;FEMININO;BRANCA;N
SE;SERGIPE;DEPUTADO ESTADUAL;260001668322;13789;EDINEIDE MEDEIROS;DEFERIDO;13;PT;FEMININO;PARDA;N
SE;SERGIPE;DEPUTADO ESTADUAL;260001636406;55100;DANILO FARIAS;DEFERIDO;55;PSD;MASCULINO;PARDA;N
SE;SERGIPE;DEPUTADO FEDERAL;260001633057;1112;SIMONE LINHARES;DEFERIDO;11;PP;FEMININO;PARDA;N
SE;SERGIPE;DEPUTADO FEDERAL;260001644386;1577;ANDRÉ  MEU NEGUINHO ;DEFERIDO;15;MDB;MASCULINO;PRETA;N
SE;SERGIPE;DEPUTADO ESTADUAL;260001600211;23111;EDSON LARANJEIRAS;DEFERIDO;23;CIDADANIA;MASCULINO;PRETA;N
SE;SERGIPE;DEPUTADO ESTADUAL;260001600210;23180;DRA. VALDILENE;DEFERIDO;23;CIDADANIA;FEMININO;PRETA;N
SE;SERGIPE;DEPUTADO ESTADUAL;260001712735;51030;PROFESSORA MELISSA;DEFERIDO;51;PATRIOTA;FEMININO;BRANCA;N
SE;SERGIPE;DEPUTADO ESTADUAL;260001712737;51051;SANDRO BRASIL;DEFERIDO;51;PATRIOTA;MASCULINO;BRANCA;N
SE;SERGIPE;DEPUTADO ESTADUAL;260001712736;51232;ALEXANDRE FALCÃO;DEFERIDO;51;PATRIOTA;MASCULINO;PARDA;N
SE;SERGIPE;DEPUTADO ESTADUAL;260001712727;51190;TENENTE ILKA;DEFERIDO;51;PATRIOTA;FEMININO;PARDA;N
SE;SERGIPE;DEPUTADO ESTADUAL;260001618228;10030;VOVOZINHO;DEFERIDO;10;REPUBLICANOS;MASCULINO;BRANCA;N
SE;SERGIPE;DEPUTADO FEDERAL;260001668633;4010;ISIS NATALY;DEFERIDO;40;PSB;FEMININO;BRANCA;N
SE;SERGIPE;DEPUTADO ESTADUAL;260001646925;44456;VALDIR SANTOS;RENÚNCIA;44;UNIÃO;MASCULINO;PARDA;N
SE;SERGIPE;DEPUTADO ESTADUAL;260001618237;10200;CARMINHA;DEFERIDO;10;REPUBLICANOS;FEMININO;PARDA;N
SE;SERGIPE;DEPUTADO ESTADUAL;260001691813;33600;NENÊ CAMINHONEIRO;DEFERIDO;33;PMN;MASCULINO;PARDA;N
SE;SERGIPE;DEPUTADO ESTADUAL;260001636403;55123;ADAILTON MARTINS;DEFERIDO;55;PSD;MASCULINO;PARDA;S
SE;SERGIPE;2º SUPLENTE;260001693740;222;TEIXEIRA CAMINHÕES;INDEFERIDO;90;PROS;MASCULINO;BRANCA;N
SE;SERGIPE;DEPUTADO ESTADUAL;260001600229;23600;PASTOR ZÉ CARLOS;DEFERIDO;23;CIDADANIA;MASCULINO;PRETA;N
SE;SERGIPE;DEPUTADO ESTADUAL;260001602600;19456;RICARDO SANTIAGO - RICARDÃO;DEFERIDO;19;PODE;MASCULINO;PARDA;N
SE;SERGIPE;DEPUTADO FEDERAL;260001690720;1423;MARCELO MANGA;DEFERIDO;14;PTB;MASCULINO;PARDA;N
SE;SERGIPE;DEPUTADO ESTADUAL;260001600213;23000;KITTY LIMA;DEFERIDO;23;CIDADANIA;FEMININO;BRANCA;S
SE;SERGIPE;DEPUTADO ESTADUAL;260001618235;10000;DRA LIDIANE LUCENA;DEFERIDO;10;REPUBLICANOS;FEMININO;BRANCA;N
SE;SERGIPE;DEPUTADO ESTADUAL;260001600209;23300;CHICÃO DE POÇO VERDE;DEFERIDO;23;CIDADANIA;MASCULINO;PARDA;N
SE;SERGIPE;VICE-GOVERNADOR;260001617898;80;LUZE AUGUSTA;DEFERIDO;80;UP;FEMININO;PRETA;N
SE;SERGIPE;DEPUTADO ESTADUAL;260001636419;55678;PALOMA DO GALEGO;RENÚNCIA;55;PSD;FEMININO;BRANCA;N
SE;SERGIPE;DEPUTADO ESTADUAL;260001602594;19999;LUCIANO PAZ;DEFERIDO;19;PODE;MASCULINO;BRANCA;N
SE;SERGIPE;DEPUTADO ESTADUAL;260001712247;22123;GILMAR CARVALHO;RENÚNCIA;22;PL;MASCULINO;BRANCA;S
SE;SERGIPE;DEPUTADO ESTADUAL;260001669446;12600;CLAUDIO SILVA;DEFERIDO;12;PDT;MASCULINO;BRANCA;N
SE;SERGIPE;DEPUTADO ESTADUAL;260001669447;12789;CRIS ESTRELA;DEFERIDO;12;PDT;FEMININO;BRANCA;N
SE;SERGIPE;DEPUTADO FEDERAL;260001690716;1400;EMERSON FONTES TAMPA;DEFERIDO;14;PTB;MASCULINO;BRANCA;N
SE;SERGIPE;DEPUTADO ESTADUAL;260001646911;44888;ROBERTO BARRACÃO;DEFERIDO;44;UNIÃO;MASCULINO;BRANCA;N
SE;SERGIPE;DEPUTADO FEDERAL;260001734979;9077;ANA CARLA ;INDEFERIDO;90;PROS;FEMININO;PARDA;N
SE;SERGIPE;DEPUTADO ESTADUAL;260001669445;12333;NETO FELIX;DEFERIDO;12;PDT;MASCULINO;BRANCA;N
SE;SERGIPE;DEPUTADO FEDERAL;260001691558;3322;DR ADIEL SALES;DEFERIDO;33;PMN;MASCULINO;PARDA;N
SE;SERGIPE;DEPUTADO ESTADUAL;260001668308;43333;JORGE DA CIDADE NOVA;DEFERIDO;43;PV;MASCULINO;PARDA;N
SE;SERGIPE;SENADOR;260001600752;190;DELEGADA DANIELLE GARCIA;DEFERIDO;19;PODE;FEMININO;BRANCA;N
SE;SERGIPE;DEPUTADO ESTADUAL;260001646916;44555;KAKÁ SANTOS;DEFERIDO;44;UNIÃO;MASCULINO;PARDA;N
SE;SERGIPE;DEPUTADO FEDERAL;260001670206;1222;PRISCILLA MENDONÇA;DEFERIDO;12;PDT;FEMININO;BRANCA;N
SE;SERGIPE;DEPUTADO ESTADUAL;260001691807;33333;MAICON DO RIM;DEFERIDO;33;PMN;MASCULINO;PARDA;N
SE;SERGIPE;DEPUTADO FEDERAL;260001636664;5011;JULIANA MOTORISTA;DEFERIDO;50;PSOL;FEMININO;PRETA;N
SE;SERGIPE;DEPUTADO FEDERAL;260001644950;2718;KELLY QUILOMBOLAS;DEFERIDO;27;DC;FEMININO;BRANCA;N
SE;SERGIPE;DEPUTADO FEDERAL;260001713929;5151;ISMAEL SILVA;DEFERIDO;51;PATRIOTA;MASCULINO;PRETA;N
SE;SERGIPE;DEPUTADO FEDERAL;260001600241;4555;TENENTE ELISÂNGELA;DEFERIDO;45;PSDB;FEMININO;PARDA;N
SE;SERGIPE;DEPUTADO ESTADUAL;260001669435;12345;DRA RAFAELA VIEIRA;DEFERIDO;12;PDT;FEMININO;PARDA;N
SE;SERGIPE;DEPUTADO FEDERAL;260001693505;9058;PROF JORGE SOTERO;DEFERIDO;90;PROS;MASCULINO;PARDA;N
SE;SERGIPE;DEPUTADO FEDERAL;260001600239;2323;ITAMAR SANTANA;DEFERIDO;23;CIDADANIA;MASCULINO;BRANCA;N
SE;SERGIPE;SENADOR;260001634212;270;AIRTON COSTA;DEFERIDO;27;DC;MASCULINO;BRANCA;N
SE;SERGIPE;DEPUTADO FEDERAL;260001713567;2290;VALDEVAN NOVENTA;INDEFERIDO COM RECURSO;22;PL;MASCULINO;PARDA;S
SE;SERGIPE;DEPUTADO FEDERAL;260001691566;3310;RICARDO DO SANTA MARIA;DEFERIDO;33;PMN;MASCULINO;PARDA;N
SE;SERGIPE;DEPUTADO ESTADUAL;260001602609;19133;LINDA INÊS ;RENÚNCIA;19;PODE;FEMININO;BRANCA;N
SE;SERGIPE;DEPUTADO ESTADUAL;260001712730;51238;TAIOBA;DEFERIDO;51;PATRIOTA;MASCULINO;PARDA;N
SE;SERGIPE;DEPUTADO ESTADUAL;260001712715;51021;ANDRE MUSSUM;RENÚNCIA;51;PATRIOTA;MASCULINO;PRETA;N
SE;SERGIPE;DEPUTADO ESTADUAL;260001668317;13000;ABY;DEFERIDO;13;PT;MASCULINO;PRETA;N
SE;SERGIPE;GOVERNADOR;260001612779;55;FÁBIO;DEFERIDO;55;PSD;MASCULINO;BRANCA;N
SE;SERGIPE;DEPUTADO ESTADUAL;260001712719;51600;CLEO FRENTISTA;DEFERIDO;51;PATRIOTA;MASCULINO;PARDA;N
SE;SERGIPE;DEPUTADO FEDERAL;260001602624;1922;PASTOR MOISÉS;DEFERIDO;19;PODE;MASCULINO;PRETA;N
SE;SERGIPE;DEPUTADO FEDERAL;260001635579;7712;DRA. THAYNÁ SILVEIRA;DEFERIDO;77;SOLIDARIEDADE;FEMININO;PARDA;N
SE;SERGIPE;DEPUTADO ESTADUAL;260001712717;51993;CLAUDIO DEDE;DEFERIDO;51;PATRIOTA;MASCULINO;PARDA;N
SE;SERGIPE;2º SUPLENTE;260001691280;161;NALVINHA SANTOS;DEFERIDO;16;PSTU;FEMININO;PRETA;N
SE;SERGIPE;DEPUTADO FEDERAL;260001618180;1000;PASTOR JONY;DEFERIDO;10;REPUBLICANOS;MASCULINO;BRANCA;N
SE;SERGIPE;DEPUTADO ESTADUAL;260001600208;23789;JOSIVALDO DA EQUOTERAPIA;DEFERIDO;23;CIDADANIA;MASCULINO;PARDA;N
SE;SERGIPE;DEPUTADO FEDERAL;260001636666;5000;MANO SINHO;INDEFERIDO COM RECURSO;50;PSOL;MASCULINO;PRETA;N
SE;SERGIPE;DEPUTADO ESTADUAL;260001691806;33222;LUIZ DO AUGUSTO FRANCO;DEFERIDO;33;PMN;MASCULINO;PARDA;N
SE;SERGIPE;DEPUTADO FEDERAL;260001633054;1125;LUCIANO DE MENININHA;DEFERIDO;11;PP;MASCULINO;BRANCA;N
SE;SERGIPE;DEPUTADO ESTADUAL;260001668313;43211;BISPA WALTÉRCYA;DEFERIDO;43;PV;FEMININO;PARDA;N
SE;SERGIPE;DEPUTADO ESTADUAL;260001668315;43000;IBRAIN DE VALMIR;DEFERIDO;43;PV;MASCULINO;PARDA;S
SE;SERGIPE;DEPUTADO ESTADUAL;260001600226;45333;CRISTINA E CIA;DEFERIDO;45;PSDB;FEMININO;PARDA;N
SE;SERGIPE;DEPUTADO FEDERAL;260001644387;1513;REBECA MORAES;DEFERIDO;15;MDB;FEMININO;BRANCA;N
SE;SERGIPE;DEPUTADO ESTADUAL;260001712250;22345;SARGENTO MORAIS NEGO LAU;DEFERIDO;22;PL;MASCULINO;PRETA;N
SE;SERGIPE;DEPUTADO ESTADUAL;260001691801;33200;ALECIO COSTA;DEFERIDO;33;PMN;MASCULINO;BRANCA;N
SE;SERGIPE;DEPUTADO FEDERAL;260001635577;7788;SERJÃO;INDEFERIDO COM RECURSO;77;SOLIDARIEDADE;MASCULINO;PARDA;N
SE;SERGIPE;DEPUTADO FEDERAL;260001713927;5110;DR. ERONEIDE BRITO;DEFERIDO;51;PATRIOTA;FEMININO;PARDA;N
SE;SERGIPE;DEPUTADO ESTADUAL;260001636116;50789;LUCAS SANTIAGO;DEFERIDO;50;PSOL;MASCULINO;BRANCA;N
SE;SERGIPE;DEPUTADO ESTADUAL;260001644223;11555;CRYS MOURA;DEFERIDO;11;PP;FEMININO;PARDA;N
SE;SERGIPE;DEPUTADO FEDERAL;260001713562;2211;VERONICA DE GILMAR CARVALHO;RENÚNCIA;22;PL;FEMININO;PRETA;N
SE;SERGIPE;DEPUTADO ESTADUAL;260001712262;22111;NETINHO GUIMARÃES;DEFERIDO;22;PL;MASCULINO;BRANCA;N
SE;SERGIPE;1º SUPLENTE;260001691282;161;MARIA DE LOURDES;RENÚNCIA;16;PSTU;FEMININO;BRANCA;N
SE;SERGIPE;DEPUTADO FEDERAL;260001667974;4343;JOÃO FONTES JUNIOR;DEFERIDO;43;PV;MASCULINO;PARDA;N
SE;SERGIPE;DEPUTADO ESTADUAL;260001712734;51700;EMILIA BOTO;DEFERIDO;51;PATRIOTA;FEMININO;PARDA;N
SE;SERGIPE;DEPUTADO ESTADUAL;260001618216;10234;IRMAO ALEX PAULINO;DEFERIDO;10;REPUBLICANOS;MASCULINO;BRANCA;N
SE;SERGIPE;DEPUTADO ESTADUAL;260001691803;33000;CACIO JEORGE;DEFERIDO;33;PMN;MASCULINO;INDÍGENA;N
SE;SERGIPE;DEPUTADO FEDERAL;260001644948;2759;NENÊ;DEFERIDO;27;DC;MASCULINO;BRANCA;N
SE;SERGIPE;DEPUTADO ESTADUAL;260001712729;51369;JORJÃO DA SAUDE;DEFERIDO;51;PATRIOTA;MASCULINO;PARDA;N
SE;SERGIPE;DEPUTADO ESTADUAL;260001669444;12500;PROF. JOÃO ANTÔNIO;DEFERIDO;12;PDT;MASCULINO;PARDA;N
SE;SERGIPE;1º SUPLENTE;260001634211;270;IRMÃO ANTÔNIO CARLOS;DEFERIDO;27;DC;MASCULINO;BRANCA;N
SE;SERGIPE;DEPUTADO ESTADUAL;260001669452;12456;NEIDE DE TOCO;DEFERIDO;12;PDT;FEMININO;PRETA;N
SE;SERGIPE;DEPUTADO FEDERAL;260001644379;1515;TITÓ;DEFERIDO;15;MDB;MASCULINO;BRANCA;N
SE;SERGIPE;DEPUTADO ESTADUAL;260001602601;19010;SIMONE LINHARES ;RENÚNCIA;19;PODE;FEMININO;PARDA;N
SE;SERGIPE;DEPUTADO ESTADUAL;260001669430;12555;DA LUZ;DEFERIDO;12;PDT;MASCULINO;BRANCA;N
SE;SERGIPE;DEPUTADO ESTADUAL;260001618234;10123;LEO ROCHA;DEFERIDO;10;REPUBLICANOS;MASCULINO;PARDA;N
SE;SERGIPE;DEPUTADO FEDERAL;260001644381;1599;PAZ;INDEFERIDO COM RECURSO;15;MDB;MASCULINO;PARDA;N
SE;SERGIPE;DEPUTADO ESTADUAL;260001618219;10300;PINHA MOTOS;DEFERIDO;10;REPUBLICANOS;MASCULINO;BRANCA;N
SE;SERGIPE;DEPUTADO ESTADUAL;260001600230;23023;SUELY BARRETO;DEFERIDO;23;CIDADANIA;FEMININO;BRANCA;N
SE;SERGIPE;DEPUTADO FEDERAL;260001646378;4433;TOINHO NERY;DEFERIDO;44;UNIÃO;MASCULINO;PARDA;N
SE;SERGIPE;DEPUTADO ESTADUAL;260001668328;43180;MARCIA CRISTINA;DEFERIDO;43;PV;FEMININO;PARDA;N
SE;SERGIPE;DEPUTADO ESTADUAL;260001646921;44111;MARCELO SOBRAL;DEFERIDO;44;UNIÃO;MASCULINO;BRANCA;N
SE;SERGIPE;DEPUTADO ESTADUAL;260001669080;40111;DR. EMERSON;DEFERIDO;40;PSB;MASCULINO;PARDA;N
SE;SERGIPE;DEPUTADO FEDERAL;260001670202;1201;PROFESSOR BITTENCOURT;DEFERIDO;12;PDT;MASCULINO;PRETA;N
SE;SERGIPE;DEPUTADO FEDERAL;260001670203;1212;LUIZ ROBERTO;DEFERIDO;12;PDT;MASCULINO;PARDA;N
SE;SERGIPE;DEPUTADO FEDERAL;260001724646;1800;WERDEN;INDEFERIDO COM RECURSO;18;REDE;MASCULINO;PARDA;N
SE;SERGIPE;DEPUTADO ESTADUAL;260001618238;10122;PASTOR JOEL FERNANDES;DEFERIDO;10;REPUBLICANOS;MASCULINO;PARDA;N
SE;SERGIPE;DEPUTADO FEDERAL;260001644943;2733;MIKINHA DO POVO;DEFERIDO;27;DC;FEMININO;BRANCA;N
SE;SERGIPE;DEPUTADO FEDERAL;260001693501;9001;MELHOZINHO;INDEFERIDO COM RECURSO;90;PROS;MASCULINO;PRETA;N
SE;SERGIPE;DEPUTADO FEDERAL;260001632571;8008;JENNIFER BOMFIM;DEFERIDO;80;UP;FEMININO;PRETA;N
SE;SERGIPE;DEPUTADO ESTADUAL;260001712253;22129;MALVAR;DEFERIDO;22;PL;FEMININO;PARDA;N
SE;SERGIPE;DEPUTADO ESTADUAL;260001636411;55250;JEFERSON ANDRADE;DEFERIDO;55;PSD;MASCULINO;PARDA;S
SE;SERGIPE;DEPUTADO ESTADUAL;260001669083;40555;SGT NALDINHO;DEFERIDO;40;PSB;MASCULINO;PARDA;N
SE;SERGIPE;DEPUTADO FEDERAL;260001633053;1188;GEISA KALINE;RENÚNCIA;11;PP;FEMININO;PARDA;N
SE;SERGIPE;DEPUTADO ESTADUAL;260001712248;22444;MARCOS OLIVEIRA;DEFERIDO;22;PL;MASCULINO;PARDA;N
SE;SERGIPE;DEPUTADO ESTADUAL;260001636414;55713;SANDRA CIGANINHA;DEFERIDO;55;PSD;FEMININO;PARDA;N
SE;SERGIPE;DEPUTADO ESTADUAL;260001636407;55111;DR MANUEL MARCOS;DEFERIDO;55;PSD;MASCULINO;PRETA;N
SE;SERGIPE;DEPUTADO ESTADUAL;260001644221;11888;NETO BATALHA;DEFERIDO;11;PP;MASCULINO;BRANCA;N
SE;SERGIPE;DEPUTADO FEDERAL;260001633052;1177;GABRIELA PASSOS;DEFERIDO;11;PP;FEMININO;PARDA;N
SE;SERGIPE;DEPUTADO ESTADUAL;260001691821;33888;JADSON BAIRRO AMÉRICA;DEFERIDO;33;PMN;MASCULINO;PRETA;N
SE;SERGIPE;DEPUTADO ESTADUAL;260001691810;33033;TACY QUEIROZ;DEFERIDO;33;PMN;FEMININO;PARDA;N
SE;SERGIPE;DEPUTADO ESTADUAL;260001646671;27003;MARILZA BISPO;DEFERIDO;27;DC;FEMININO;PRETA;N
SE;SERGIPE;DEPUTADO ESTADUAL;260001646918;44777;JULIANA TARANTELLA;DEFERIDO;44;UNIÃO;FEMININO;PARDA;N
SE;SERGIPE;DEPUTADO FEDERAL;260001646376;4456;DANIELA FORTES;DEFERIDO;44;UNIÃO;FEMININO;PARDA;N
SE;SERGIPE;DEPUTADO FEDERAL;260001713565;2222;ZEZINHO GUIMARÃES;DEFERIDO;22;PL;MASCULINO;BRANCA;N
SE;SERGIPE;DEPUTADO ESTADUAL;260001636402;55015;LUCIANO BISPO;DEFERIDO;55;PSD;MASCULINO;BRANCA;S
SE;SERGIPE;DEPUTADO ESTADUAL;260001618229;10555;CORONEL JULIO CESAR;DEFERIDO;10;REPUBLICANOS;MASCULINO;PARDA;N
SE;SERGIPE;DEPUTADO ESTADUAL;260001733371;18000;VÉIO DO RIO;INDEFERIDO COM RECURSO;18;REDE;MASCULINO;PARDA;N
SE;SERGIPE;DEPUTADO ESTADUAL;260001644232;11666;ALAN DE MUNDINHO;DEFERIDO;11;PP;MASCULINO;PARDA;N
SE;SERGIPE;DEPUTADO ESTADUAL;260001646913;44999;ALINE MANGUEIRA;DEFERIDO;44;UNIÃO;FEMININO;PARDA;N
SE;SERGIPE;DEPUTADO FEDERAL;260001690721;1412;DOUTOR PETRONIO GOMES;DEFERIDO;14;PTB;MASCULINO;BRANCA;N
SE;SERGIPE;DEPUTADO FEDERAL;260001600238;4523;HEBERT COLETIVO SOMOS MAIS;DEFERIDO;45;PSDB;MASCULINO;PARDA;N
SE;SERGIPE;DEPUTADO ESTADUAL;260001636409;55555;MAISA MITIDIERI;DEFERIDO;55;PSD;FEMININO;BRANCA;S
SE;SERGIPE;DEPUTADO FEDERAL;260001670204;1255;ARLEIDE DO SANTA MARIA;DEFERIDO;12;PDT;FEMININO;PRETA;N
SE;SERGIPE;DEPUTADO ESTADUAL;260001712254;22000;MACHADO;DEFERIDO;22;PL;MASCULINO;BRANCA;N
SE;SERGIPE;DEPUTADO ESTADUAL;260001646915;44444;CRISTIANO CAVALCANTE;DEFERIDO;44;UNIÃO;MASCULINO;BRANCA;N
SE;SERGIPE;DEPUTADO ESTADUAL;260001669443;12800;WASHINGTON CHAPISTA;DEFERIDO;12;PDT;MASCULINO;PRETA;N
SE;SERGIPE;DEPUTADO FEDERAL;260001636667;5013;PROFESSORA VANUSA;DEFERIDO;50;PSOL;FEMININO;PRETA;N
SE;SERGIPE;DEPUTADO FEDERAL;260001693500;9000;SIFU MARCELO RAMOS;DEFERIDO;90;PROS;MASCULINO;PARDA;N
SE;SERGIPE;DEPUTADO FEDERAL;260001738835;2201;LÂNIA CASTRO;PENDENTE DE JULGAMENTO;22;PL;FEMININO;PARDA;N
SE;SERGIPE;DEPUTADO FEDERAL;260001633060;1122;PASTOR ANTONIO;DEFERIDO;11;PP;MASCULINO;PRETA;N
SE;SERGIPE;DEPUTADO ESTADUAL;260001600223;23222;BU BARBEIRO;DEFERIDO;23;CIDADANIA;MASCULINO;PARDA;N
SE;SERGIPE;DEPUTADO ESTADUAL;260001636122;50500;IRAN BARBOSA;DEFERIDO;50;PSOL;MASCULINO;BRANCA;S
SE;SERGIPE;DEPUTADO FEDERAL;260001636662;5023;AILTON SENA;DEFERIDO;50;PSOL;MASCULINO;PARDA;N
SE;SERGIPE;DEPUTADO ESTADUAL;260001712258;22002;PROFESSOR BONFIM;DEFERIDO;22;PL;MASCULINO;PARDA;N
SE;SERGIPE;2º SUPLENTE;260001636126;500;IZALTINA QUILOMBOLA;DEFERIDO;50;PSOL;FEMININO;PRETA;N
SE;SERGIPE;DEPUTADO ESTADUAL;260001646661;27722;ITO CARRETEIRO;DEFERIDO;27;DC;MASCULINO;PARDA;N
SE;SERGIPE;DEPUTADO ESTADUAL;260001618227;10777;AUREA RIBEIRO;DEFERIDO;10;REPUBLICANOS;FEMININO;BRANCA;N
SE;SERGIPE;DEPUTADO ESTADUAL;260001712265;22190;CABO AMINTAS;DEFERIDO;22;PL;MASCULINO;PARDA;N
SE;SERGIPE;DEPUTADO ESTADUAL;260001618220;10330;ACIOLI DA FARMACIA;DEFERIDO;10;REPUBLICANOS;MASCULINO;BRANCA;N
SE;SERGIPE;DEPUTADO ESTADUAL;260001712252;22233;PROF. JOVANKA LEAL;DEFERIDO;22;PL;FEMININO;BRANCA;N
SE;SERGIPE;DEPUTADO FEDERAL;260001635582;7700;FENELON;DEFERIDO;77;SOLIDARIEDADE;MASCULINO;BRANCA;N
SE;SERGIPE;DEPUTADO ESTADUAL;260001600218;23888;DR. ANDRÉ SOTERO;DEFERIDO;23;CIDADANIA;MASCULINO;BRANCA;N
SE;SERGIPE;DEPUTADO ESTADUAL;260001600212;23400;IRMÃ MARA LÚCIA;DEFERIDO;23;CIDADANIA;FEMININO;PRETA;N
SE;SERGIPE;DEPUTADO ESTADUAL;260001636415;55333;SERGIO REIS;DEFERIDO;55;PSD;MASCULINO;BRANCA;N
SE;SERGIPE;DEPUTADO ESTADUAL;260001691804;33100;CARLOS VILÃO;DEFERIDO;33;PMN;MASCULINO;PRETA;N
SE;SERGIPE;DEPUTADO FEDERAL;260001668634;4011;ROBSON SANTANA;DEFERIDO;40;PSB;MASCULINO;PARDA;N
SE;SERGIPE;DEPUTADO ESTADUAL;260001711845;14125;CIBELE BRAZ;DEFERIDO;14;PTB;FEMININO;PRETA;N
SE;SERGIPE;1º SUPLENTE;260001666587;404;MARCIO MACEDO;DEFERIDO;13;PT;MASCULINO;BRANCA;N
SE;SERGIPE;GOVERNADOR;260001690862;16;ELINOS SABINO;DEFERIDO;16;PSTU;MASCULINO;PARDA;N
